customer_id,account_created,last_purchase,total_purchase_amount,number_of_purchases,support_tickets,subscription_tier,payment_method,country,churn
CUS_00000,2023-04-13,2023-09-16,2968.2363855440854,76,8,premium,debit_card,UK,0
CUS_00001,2023-12-15,2023-06-10,4354.529274514967,65,5,premium,paypal,AU,0
CUS_00002,2023-09-28,2023-06-27,1108.6219291801644,31,3,basic,debit_card,UK,0
CUS_00003,2023-04-17,2023-01-10,648.4061350488666,4,2,basic,credit_card,AU,0
CUS_00004,2023-03-13,2023-09-18,1421.773096433249,50,3,basic,credit_card,AU,0
CUS_00005,2023-07-08,2023-05-18,379.7255948376428,69,2,enterprise,debit_card,DE,1
CUS_00006,2023-01-21,2023-06-21,2702.7306872050567,30,1,premium,credit_card,UK,0
CUS_00007,2023-04-13,2023-01-13,4689.367892245311,88,4,enterprise,debit_card,UK,0
CUS_00008,2023-05-02,2023-06-17,292.7833492756973,59,1,premium,credit_card,US,1
CUS_00009,2023-08-03,2023-05-10,698.3385786491314,67,5,basic,paypal,UK,1
CUS_00010,2023-11-27,2023-03-25,2315.775238588833,75,2,enterprise,credit_card,US,0
CUS_00011,2023-03-29,2023-11-17,4675.987585886734,45,5,basic,paypal,CA,0
CUS_00012,2023-04-10,2023-11-15,1649.1649143860775,4,9,premium,paypal,CA,1
CUS_00013,2023-12-26,2023-04-11,2585.450562573123,26,8,premium,debit_card,CA,0
CUS_00014,2023-06-01,2023-11-25,303.70700934692127,27,0,premium,credit_card,UK,1
CUS_00015,2023-05-11,2023-09-30,826.8816847142355,46,5,basic,debit_card,UK,1
CUS_00016,2023-05-30,2023-09-22,4934.48760249835,64,8,premium,credit_card,US,0
CUS_00017,2023-11-05,2023-02-07,4829.081612536623,91,3,basic,paypal,AU,0
CUS_00018,2023-09-15,2023-04-04,124.20590657860711,51,1,enterprise,paypal,US,1
CUS_00019,2023-12-10,2023-04-05,4763.877748573871,50,3,premium,credit_card,CA,0
CUS_00020,2023-10-21,2023-11-01,3231.687695295952,6,0,premium,credit_card,US,0
CUS_00021,2023-07-11,2023-03-10,4352.799643148109,59,2,premium,debit_card,AU,0
CUS_00022,2023-10-04,2023-11-14,2328.2252926059095,15,9,enterprise,credit_card,UK,0
CUS_00023,2023-06-10,2023-08-24,2626.420540038326,30,8,premium,credit_card,US,0
CUS_00024,2023-11-10,2023-11-30,2495.348243258909,42,9,basic,credit_card,CA,0
CUS_00025,2023-01-22,2023-05-17,3367.6348619759115,37,4,basic,debit_card,CA,0
CUS_00026,2023-09-10,2023-03-17,784.2911483059332,42,5,premium,credit_card,UK,1
CUS_00027,2023-08-24,2023-02-04,246.87059037612198,35,2,premium,paypal,US,1
CUS_00028,2023-12-11,2023-01-01,1608.8567137968355,87,4,enterprise,debit_card,AU,0
CUS_00029,2023-02-18,2023-10-23,3552.935737409569,6,7,enterprise,debit_card,UK,1
CUS_00030,2023-02-28,2023-11-16,1089.081915402447,68,5,enterprise,paypal,US,0
CUS_00031,2023-06-19,2023-03-01,3399.818923292095,18,3,premium,paypal,DE,0
CUS_00032,2023-07-07,2023-11-16,4852.569025925625,73,1,enterprise,paypal,CA,0
CUS_00033,2023-09-28,2023-12-15,560.1135073681501,29,8,enterprise,credit_card,AU,1
CUS_00034,2023-07-09,2023-11-24,3395.7503793031187,77,0,basic,paypal,AU,0
CUS_00035,2023-06-24,2023-09-24,2274.3760745923987,59,0,enterprise,credit_card,AU,0
CUS_00036,2023-02-20,2023-12-27,4353.897046449776,47,3,basic,debit_card,CA,0
CUS_00037,2023-12-30,2023-08-17,968.0339682921909,17,6,basic,debit_card,US,1
CUS_00038,2023-02-24,2023-09-27,3493.867165908206,96,0,enterprise,paypal,UK,0
CUS_00039,2023-09-01,2023-11-12,4206.76491927574,22,8,basic,credit_card,US,0
CUS_00040,2023-11-16,2023-10-13,4728.609675422714,68,3,premium,paypal,UK,0
CUS_00041,2023-05-11,2023-10-18,3447.9153386192643,69,2,premium,paypal,AU,0
CUS_00042,2023-11-03,2023-08-01,2536.156343641294,37,0,enterprise,credit_card,US,0
CUS_00043,2023-05-15,2023-06-14,3127.451476985948,49,9,premium,paypal,AU,0
CUS_00044,2023-01-21,2023-01-05,4357.634423945719,13,3,basic,debit_card,DE,0
CUS_00045,2023-11-25,2023-12-05,2895.9877585302656,34,8,premium,paypal,AU,0
CUS_00046,2023-06-16,2023-03-19,248.8965925145006,86,9,enterprise,credit_card,AU,1
CUS_00047,2023-10-01,2023-03-03,4661.648607984192,53,5,enterprise,credit_card,UK,0
CUS_00048,2023-03-30,2023-05-12,3478.6810800546496,87,5,basic,debit_card,DE,0
CUS_00049,2023-11-12,2023-03-30,3414.915590308508,51,0,enterprise,credit_card,AU,0
CUS_00050,2023-01-14,2023-08-25,1156.808246748814,3,9,premium,credit_card,AU,1
CUS_00051,2023-08-30,2023-02-11,3328.53880414002,42,1,enterprise,debit_card,DE,0
CUS_00052,2023-09-22,2023-03-30,2029.9355877053765,98,5,basic,paypal,DE,0
CUS_00053,2023-12-12,2023-10-23,3291.0415875033113,32,1,enterprise,debit_card,US,0
CUS_00054,2023-02-22,2023-11-24,622.3058485091545,51,2,premium,paypal,UK,0
CUS_00055,2023-12-06,2023-10-22,3323.4419925548764,85,3,basic,debit_card,DE,0
CUS_00056,2023-04-02,2023-04-14,4997.127256276266,46,4,premium,paypal,DE,0
CUS_00057,2023-09-21,2023-01-14,336.2389904167245,21,8,basic,debit_card,CA,1
CUS_00058,2023-02-04,2023-10-15,4888.153502684455,44,3,enterprise,paypal,DE,0
CUS_00059,2023-07-25,2023-06-28,2093.849007542066,11,8,basic,debit_card,UK,0
CUS_00060,2023-03-22,2023-05-05,4366.69190665257,68,9,basic,paypal,AU,0
CUS_00061,2023-02-19,2023-12-19,3933.68887188554,1,2,enterprise,debit_card,AU,0
CUS_00062,2023-12-26,2023-01-23,2878.379678834672,92,7,premium,credit_card,AU,0
CUS_00063,2023-01-02,2023-03-04,3718.4011253314998,63,0,enterprise,paypal,AU,0
CUS_00064,2023-02-23,2023-05-23,4404.726250376605,24,8,basic,debit_card,CA,0
CUS_00065,2023-04-16,2023-06-02,2080.2875760900615,99,8,enterprise,paypal,DE,0
CUS_00066,2023-09-17,2023-05-25,1702.4624916598696,13,9,basic,paypal,AU,0
CUS_00067,2023-11-06,2023-08-13,3371.2075892615653,98,1,enterprise,debit_card,US,0
CUS_00068,2023-07-10,2023-11-05,4058.445115512167,11,3,enterprise,paypal,AU,0
CUS_00069,2023-08-06,2023-04-14,3835.197160405417,51,7,premium,debit_card,DE,0
CUS_00070,2023-02-13,2023-04-14,4009.286879407309,17,6,basic,credit_card,AU,0
CUS_00071,2023-06-11,2023-02-08,2234.3582425833715,99,0,premium,paypal,CA,0
CUS_00072,2023-07-21,2023-07-17,4107.387659257605,82,4,basic,credit_card,UK,0
CUS_00073,2023-09-27,2023-05-14,689.0243713159814,86,6,enterprise,paypal,UK,1
CUS_00074,2023-12-17,2023-03-08,2767.9965800081627,24,3,basic,paypal,DE,0
CUS_00075,2023-10-31,2023-06-28,128.2174364407957,19,0,premium,paypal,UK,1
CUS_00076,2023-09-28,2023-02-11,1690.4705665113245,37,8,premium,debit_card,UK,0
CUS_00077,2023-08-03,2023-01-15,1895.6615208698495,85,4,premium,credit_card,US,0
CUS_00078,2023-09-09,2023-04-21,2041.2461888853513,8,1,basic,paypal,DE,0
CUS_00079,2023-07-09,2023-06-06,3507.7893127803245,28,7,premium,debit_card,DE,0
CUS_00080,2023-10-23,2023-10-16,2003.934696224694,5,1,premium,paypal,UK,0
CUS_00081,2023-08-01,2023-08-19,2298.5987508504004,17,2,premium,debit_card,UK,0
CUS_00082,2023-07-27,2023-06-06,1263.9662412842047,36,9,enterprise,paypal,UK,0
CUS_00083,2023-08-25,2023-02-07,1928.9337789837664,19,0,enterprise,credit_card,CA,0
CUS_00084,2023-12-04,2023-04-07,1213.6211735894422,64,1,basic,credit_card,AU,0
CUS_00085,2023-02-22,2023-10-16,458.66002646537385,91,6,basic,paypal,CA,1
CUS_00086,2023-10-07,2023-09-11,3056.8981075687516,98,9,premium,debit_card,DE,0
CUS_00087,2023-08-05,2023-07-15,3374.24271291958,11,1,enterprise,paypal,US,0
CUS_00088,2023-09-09,2023-03-27,3135.502695447111,54,5,premium,debit_card,AU,0
CUS_00089,2023-07-07,2023-11-18,2371.1208146228046,45,2,premium,paypal,US,0
CUS_00090,2023-02-10,2023-01-10,1960.9503228782262,47,3,enterprise,debit_card,DE,0
CUS_00091,2023-06-06,2023-01-05,4330.334882901943,12,7,enterprise,credit_card,DE,0
CUS_00092,2023-01-15,2023-05-03,2643.5007471674685,21,2,enterprise,paypal,US,0
CUS_00093,2023-10-28,2023-11-26,2447.9912003856816,11,9,basic,credit_card,US,0
CUS_00094,2023-03-06,2023-12-19,225.64612245153486,92,5,basic,credit_card,US,1
CUS_00095,2023-12-11,2023-04-28,1772.1143553681661,5,0,premium,paypal,DE,0
CUS_00096,2023-11-23,2023-10-21,1962.9585320506997,81,6,basic,paypal,UK,0
CUS_00097,2023-01-09,2023-06-08,2054.2316263948123,56,7,enterprise,debit_card,US,0
CUS_00098,2023-12-10,2023-10-30,2942.8446092139284,20,7,enterprise,debit_card,AU,0
CUS_00099,2023-05-09,2023-08-16,2714.652478961704,41,2,basic,credit_card,DE,0
CUS_00100,2023-05-16,2023-12-31,3078.7349546878786,46,9,premium,debit_card,CA,0
CUS_00101,2023-03-04,2023-08-04,3847.9279815564287,12,0,premium,debit_card,CA,0
CUS_00102,2023-05-19,2023-07-03,4083.630119708858,70,8,basic,paypal,AU,0
CUS_00103,2023-03-22,2023-01-15,3618.8030735098228,17,5,premium,debit_card,UK,0
CUS_00104,2023-06-12,2023-06-06,4782.06611017918,19,8,premium,credit_card,US,0
CUS_00105,2023-10-16,2023-05-16,189.339655114172,26,6,premium,debit_card,DE,1
CUS_00106,2023-09-18,2023-09-18,1059.3121298493759,48,0,enterprise,credit_card,US,0
CUS_00107,2023-08-19,2023-06-06,137.0580873928964,52,0,enterprise,paypal,DE,1
CUS_00108,2023-02-10,2023-02-16,3272.6260993575547,96,5,basic,credit_card,CA,0
CUS_00109,2023-01-28,2023-11-20,4500.349689854936,70,4,enterprise,debit_card,US,0
CUS_00110,2023-05-15,2023-11-28,1293.0632532238665,55,8,premium,paypal,AU,0
CUS_00111,2023-07-20,2023-06-22,4642.469269501903,75,1,enterprise,debit_card,UK,0
CUS_00112,2023-11-24,2023-05-10,395.31021241884815,33,7,basic,paypal,AU,1
CUS_00113,2023-09-25,2023-04-05,4678.73653134702,62,4,enterprise,paypal,UK,0
CUS_00114,2023-02-02,2023-04-25,1822.9511674742087,88,1,premium,debit_card,US,0
CUS_00115,2023-02-17,2023-08-31,596.9620594011609,23,9,premium,debit_card,US,1
CUS_00116,2023-03-03,2023-10-19,2480.7716200129958,15,5,basic,paypal,UK,0
CUS_00117,2023-08-04,2023-10-09,1358.205181830489,27,9,enterprise,paypal,CA,0
CUS_00118,2023-10-20,2023-10-26,1495.8772196134219,75,7,enterprise,debit_card,DE,0
CUS_00119,2023-04-09,2023-10-10,1605.720828138804,64,3,enterprise,credit_card,AU,0
CUS_00120,2023-06-21,2023-03-10,4034.8268993800507,81,1,premium,debit_card,AU,0
CUS_00121,2023-12-26,2023-05-28,2741.890255708747,51,4,basic,paypal,AU,0
CUS_00122,2023-08-02,2023-01-11,1625.407725864418,53,1,enterprise,debit_card,US,0
CUS_00123,2023-02-04,2023-09-11,3090.6355382235,78,1,premium,credit_card,AU,0
CUS_00124,2023-08-15,2023-11-26,3609.1383036936486,91,5,premium,debit_card,DE,0
CUS_00125,2023-04-11,2023-12-26,1435.8576035943154,82,9,premium,paypal,DE,0
CUS_00126,2023-05-11,2023-02-07,2126.3905974742224,92,8,enterprise,debit_card,UK,0
CUS_00127,2023-09-14,2023-05-14,697.241857351043,51,3,enterprise,paypal,US,0
CUS_00128,2023-01-05,2023-07-19,987.6318127199336,47,5,enterprise,paypal,DE,1
CUS_00129,2023-08-06,2023-01-23,3437.4774844284157,4,6,enterprise,debit_card,CA,1
CUS_00130,2023-09-12,2023-10-30,989.047903708572,7,5,enterprise,paypal,US,1
CUS_00131,2023-12-25,2023-12-12,2673.300579968595,35,7,enterprise,paypal,US,0
CUS_00132,2023-10-10,2023-10-29,3574.32668243992,48,3,enterprise,credit_card,DE,0
CUS_00133,2023-07-26,2023-12-29,623.6969231642448,73,0,enterprise,credit_card,CA,0
CUS_00134,2023-01-15,2023-08-06,2879.8298761816272,72,6,enterprise,credit_card,UK,0
CUS_00135,2023-12-12,2023-05-21,1357.1576401366824,45,2,premium,credit_card,DE,0
CUS_00136,2023-02-11,2023-04-14,4818.341688664141,81,5,enterprise,paypal,CA,0
CUS_00137,2023-06-28,2023-07-29,2469.373668927631,81,1,basic,debit_card,US,0
CUS_00138,2023-03-04,2023-04-21,4049.3634938982746,97,8,premium,paypal,CA,0
CUS_00139,2023-12-18,2023-04-14,2796.1100565656825,96,0,enterprise,paypal,US,0
CUS_00140,2023-08-19,2023-11-12,312.7214109886139,72,5,basic,paypal,DE,1
CUS_00141,2023-08-29,2023-06-20,3202.4417404107094,19,5,enterprise,debit_card,DE,0
CUS_00142,2023-02-21,2023-12-22,4761.876376812619,63,4,basic,credit_card,AU,0
CUS_00143,2023-04-06,2023-11-20,3047.897918717023,38,4,basic,paypal,AU,0
CUS_00144,2023-08-10,2023-05-13,4114.025411191272,67,0,basic,paypal,AU,0
CUS_00145,2023-08-19,2023-10-20,4432.611670407198,59,9,basic,credit_card,DE,0
CUS_00146,2023-08-25,2023-11-24,1217.590882549769,69,4,premium,paypal,UK,0
CUS_00147,2023-05-23,2023-05-07,1139.0197155503106,13,1,premium,debit_card,DE,0
CUS_00148,2023-06-20,2023-04-16,3093.8068453698593,47,6,basic,paypal,CA,0
CUS_00149,2023-01-29,2023-04-02,2114.039502052853,61,2,enterprise,paypal,DE,0
CUS_00150,2023-02-05,2023-10-14,4215.32038404693,31,3,basic,credit_card,DE,0
CUS_00151,2023-01-13,2023-02-20,4510.113304650255,80,2,premium,paypal,US,0
CUS_00152,2023-06-09,2023-01-29,1831.7647585833188,96,2,enterprise,paypal,US,0
CUS_00153,2023-11-23,2023-10-23,1260.665738974962,22,3,premium,debit_card,US,0
CUS_00154,2023-07-06,2023-10-24,3924.575024694923,93,4,premium,credit_card,DE,0
CUS_00155,2023-08-31,2023-08-02,1446.549574185867,86,0,enterprise,credit_card,UK,0
CUS_00156,2023-03-27,2023-09-24,4130.810160717025,43,3,basic,debit_card,CA,0
CUS_00157,2023-10-11,2023-09-14,2176.317442878938,67,7,basic,paypal,CA,0
CUS_00158,2023-03-07,2023-10-29,3370.9945065282054,54,9,basic,credit_card,UK,0
CUS_00159,2023-06-19,2023-04-11,568.123037789874,10,6,basic,credit_card,UK,1
CUS_00160,2023-02-14,2023-12-12,3156.910690915208,42,8,enterprise,paypal,CA,0
CUS_00161,2023-03-03,2023-04-20,2313.6616258124227,64,4,enterprise,paypal,AU,0
CUS_00162,2023-05-14,2023-07-01,2974.381469559823,21,9,enterprise,credit_card,US,0
CUS_00163,2023-10-11,2023-11-09,923.2696179498307,80,3,premium,paypal,US,0
CUS_00164,2023-01-28,2023-01-01,3710.681350226492,76,7,enterprise,credit_card,CA,0
CUS_00165,2023-04-18,2023-11-15,4327.705679961819,66,8,basic,paypal,UK,0
CUS_00166,2023-02-13,2023-02-24,1162.0250204448007,41,6,premium,paypal,AU,0
CUS_00167,2023-12-06,2023-05-29,569.0013220487924,24,6,basic,debit_card,CA,1
CUS_00168,2023-10-13,2023-11-05,215.82907162704834,35,4,basic,paypal,US,1
CUS_00169,2023-11-27,2023-05-17,3245.6603521720035,56,3,enterprise,debit_card,DE,0
CUS_00170,2023-05-08,2023-07-21,3074.760776835026,30,9,enterprise,paypal,UK,0
CUS_00171,2023-12-14,2023-11-09,2778.817322298943,57,0,basic,credit_card,DE,0
CUS_00172,2023-08-19,2023-04-27,1236.5407709682795,94,9,basic,credit_card,CA,0
CUS_00173,2023-07-09,2023-06-03,2015.4393799370218,47,9,premium,paypal,US,0
CUS_00174,2023-08-13,2023-10-18,3012.934042412248,35,6,enterprise,paypal,AU,0
CUS_00175,2023-10-10,2023-03-04,2534.15760840993,19,0,premium,credit_card,DE,0
CUS_00176,2023-05-01,2023-09-01,4940.149049052948,8,0,premium,paypal,AU,0
CUS_00177,2023-04-26,2023-01-25,768.5547875279923,26,4,premium,debit_card,US,1
CUS_00178,2023-08-21,2023-03-31,3506.2083148332094,71,8,basic,debit_card,DE,0
CUS_00179,2023-09-16,2023-03-16,2081.1619637110316,30,5,premium,debit_card,AU,0
CUS_00180,2023-12-25,2023-10-21,2198.1781131355124,7,2,premium,debit_card,AU,0
CUS_00181,2023-07-17,2023-07-29,3616.2290517250635,67,2,basic,debit_card,DE,0
CUS_00182,2023-05-17,2023-12-13,3492.9371414894113,65,6,enterprise,paypal,US,0
CUS_00183,2023-11-14,2023-01-17,4957.154369140722,36,5,enterprise,paypal,AU,0
CUS_00184,2023-06-14,2023-05-08,729.1320183252136,25,8,premium,debit_card,CA,1
CUS_00185,2023-08-13,2023-12-30,610.1372819824151,37,5,basic,paypal,DE,1
CUS_00186,2023-11-03,2023-09-08,3649.2602039308317,1,4,enterprise,paypal,UK,0
CUS_00187,2023-08-22,2023-06-28,2934.0958933314046,15,9,premium,debit_card,UK,0
CUS_00188,2023-06-21,2023-07-01,1443.3872661430487,37,6,premium,paypal,US,0
CUS_00189,2023-06-01,2023-06-01,489.1549080460344,13,0,basic,paypal,CA,1
CUS_00190,2023-11-11,2023-01-25,519.7254230225096,8,6,premium,paypal,AU,1
CUS_00191,2023-06-09,2023-06-29,4481.535285854179,5,2,enterprise,debit_card,UK,0
CUS_00192,2023-04-06,2023-07-17,1040.1498911218403,60,8,basic,paypal,US,0
CUS_00193,2023-08-21,2023-12-10,1684.5206543660518,73,5,enterprise,credit_card,CA,0
CUS_00194,2023-06-29,2023-06-10,1210.6163709122413,1,8,enterprise,credit_card,CA,1
CUS_00195,2023-04-23,2023-06-26,1839.4818985764928,36,4,enterprise,debit_card,US,0
CUS_00196,2023-11-14,2023-10-12,440.1768294558575,35,6,premium,credit_card,US,1
CUS_00197,2023-02-21,2023-03-04,2643.392975450525,66,3,premium,debit_card,AU,0
CUS_00198,2023-09-25,2023-05-30,431.301561601853,63,6,enterprise,credit_card,US,1
CUS_00199,2023-10-22,2023-06-03,4021.7468883295714,23,0,enterprise,credit_card,AU,0
CUS_00200,2023-04-23,2023-06-05,1245.1892013611218,9,6,basic,credit_card,AU,1
CUS_00201,2023-04-11,2023-02-18,2746.058381562102,34,7,basic,debit_card,DE,0
CUS_00202,2023-04-23,2023-12-03,4412.387529051145,46,4,premium,debit_card,CA,0
CUS_00203,2023-03-22,2023-03-25,3289.2991083312513,78,1,premium,paypal,CA,0
CUS_00204,2023-07-06,2023-12-27,2711.493154101543,4,4,basic,debit_card,CA,0
CUS_00205,2023-04-23,2023-06-26,1689.2353902653404,30,5,enterprise,credit_card,DE,0
CUS_00206,2023-01-02,2023-05-28,1731.7093739851698,95,1,premium,credit_card,AU,0
CUS_00207,2023-05-10,2023-04-28,3380.4860804711316,75,5,enterprise,debit_card,AU,0
CUS_00208,2023-08-08,2023-12-08,4971.282869983721,99,5,basic,debit_card,US,0
CUS_00209,2023-02-23,2023-03-04,3343.0120302619553,72,0,premium,debit_card,DE,0
CUS_00210,2023-12-09,2023-07-08,2833.1387451131222,3,0,premium,paypal,US,0
CUS_00211,2023-08-12,2023-12-26,3680.187500172306,14,9,basic,credit_card,DE,0
CUS_00212,2023-08-13,2023-02-18,2379.507500190219,60,2,premium,paypal,US,0
CUS_00213,2023-05-06,2023-11-23,394.69747874384757,77,9,basic,paypal,UK,1
CUS_00214,2023-05-10,2023-09-14,2855.254397801758,45,9,premium,credit_card,CA,0
CUS_00215,2023-02-22,2023-08-12,4792.363894076363,96,2,basic,credit_card,CA,0
CUS_00216,2023-06-21,2023-05-21,958.9844175525322,34,3,premium,debit_card,AU,0
CUS_00217,2023-08-06,2023-08-03,3481.023965021262,45,1,enterprise,debit_card,UK,0
CUS_00218,2023-06-09,2023-07-30,1084.5750744293769,61,8,enterprise,paypal,CA,0
CUS_00219,2023-07-17,2023-11-14,2725.5556539180984,83,9,enterprise,debit_card,AU,0
CUS_00220,2023-09-04,2023-02-01,573.7146032689261,16,6,premium,debit_card,UK,1
CUS_00221,2023-11-20,2023-06-07,2306.817587665107,66,6,premium,credit_card,CA,0
CUS_00222,2023-07-22,2023-10-12,3805.2003115867055,40,5,enterprise,credit_card,US,0
CUS_00223,2023-07-03,2023-11-01,1803.1004687710122,17,2,enterprise,debit_card,DE,0
CUS_00224,2023-05-03,2023-10-13,3358.0674499873685,34,5,basic,credit_card,UK,0
CUS_00225,2023-09-12,2023-05-24,3997.704807869673,16,7,basic,debit_card,AU,0
CUS_00226,2023-10-21,2023-01-19,4643.171315449318,60,7,basic,credit_card,UK,0
CUS_00227,2023-10-07,2023-01-18,1249.7462010917225,66,8,enterprise,credit_card,AU,0
CUS_00228,2023-11-21,2023-09-14,2056.6479874656097,66,0,enterprise,credit_card,UK,0
CUS_00229,2023-04-08,2023-03-19,846.8384653190454,90,0,enterprise,credit_card,AU,0
CUS_00230,2023-07-17,2023-06-24,4963.169160576039,13,2,basic,debit_card,CA,0
CUS_00231,2023-08-28,2023-07-13,4642.304742829047,56,2,premium,paypal,US,0
CUS_00232,2023-05-24,2023-04-23,2745.789938374742,31,9,enterprise,credit_card,CA,0
CUS_00233,2023-04-07,2023-04-24,4225.963142444464,34,7,premium,debit_card,US,0
CUS_00234,2023-07-20,2023-08-10,2652.6940886330067,39,9,premium,debit_card,CA,0
CUS_00235,2023-05-04,2023-06-15,3155.5698712135227,67,0,premium,credit_card,CA,0
CUS_00236,2023-07-06,2023-11-15,536.7097173684814,8,1,basic,paypal,UK,0
CUS_00237,2023-11-22,2023-05-12,3800.825060434359,87,1,premium,credit_card,DE,0
CUS_00238,2023-12-15,2023-09-21,725.7960698126507,78,2,enterprise,debit_card,AU,0
CUS_00239,2023-09-16,2023-02-24,4147.731388237389,55,5,basic,paypal,AU,0
CUS_00240,2023-05-28,2023-12-25,3931.937629584891,27,0,enterprise,debit_card,AU,0
CUS_00241,2023-09-09,2023-05-11,3572.8490189405848,93,1,enterprise,credit_card,US,0
CUS_00242,2023-12-12,2023-10-15,277.1858645713344,53,0,basic,paypal,AU,1
CUS_00243,2023-05-27,2023-09-23,1585.32894413211,39,4,enterprise,debit_card,AU,0
CUS_00244,2023-05-28,2023-06-11,1389.25159256313,65,6,enterprise,debit_card,UK,0
CUS_00245,2023-12-18,2023-03-28,1864.6683966104436,17,7,basic,debit_card,CA,0
CUS_00246,2023-07-18,2023-02-24,529.4494591428088,30,9,enterprise,credit_card,AU,1
CUS_00247,2023-11-04,2023-10-15,4691.093332852208,53,0,premium,paypal,DE,0
CUS_00248,2023-05-08,2023-06-27,2813.6309794906438,13,6,enterprise,credit_card,AU,0
CUS_00249,2023-02-08,2023-12-15,1597.0691222243154,21,4,premium,credit_card,US,0
CUS_00250,2023-12-04,2023-01-08,2045.2094336639886,19,9,enterprise,credit_card,US,0
CUS_00251,2023-12-26,2023-11-17,2291.2924484736945,53,0,basic,paypal,US,0
CUS_00252,2023-05-09,2023-11-09,3042.9122334670246,19,2,basic,credit_card,AU,0
CUS_00253,2023-09-24,2023-09-04,2626.829195712839,57,6,enterprise,credit_card,UK,0
CUS_00254,2023-05-31,2023-11-19,4605.020668750645,25,9,basic,credit_card,DE,0
CUS_00255,2023-10-25,2023-09-12,2535.1210662385683,86,0,enterprise,credit_card,AU,0
CUS_00256,2023-04-09,2023-11-24,4961.574272634232,31,6,basic,debit_card,UK,0
CUS_00257,2023-09-20,2023-02-23,4271.982292950969,81,4,premium,credit_card,UK,0
CUS_00258,2023-09-09,2023-09-06,1121.7015203509454,55,0,enterprise,debit_card,AU,0
CUS_00259,2023-05-24,2023-08-27,4659.91655175519,23,0,premium,credit_card,AU,0
CUS_00260,2023-12-12,2023-08-17,670.1953496388328,32,0,premium,paypal,UK,0
CUS_00261,2023-04-22,2023-03-08,4105.503571606839,62,8,enterprise,debit_card,UK,0
CUS_00262,2023-03-01,2023-02-20,1965.0541380352424,74,2,premium,debit_card,UK,0
CUS_00263,2023-01-02,2023-04-07,4402.07417018084,10,4,enterprise,debit_card,AU,0
CUS_00264,2023-10-31,2023-04-02,4353.477781526507,72,9,premium,debit_card,UK,0
CUS_00265,2023-09-11,2023-09-21,4049.0344605763435,54,8,enterprise,paypal,US,0
CUS_00266,2023-05-20,2023-10-18,3971.1491379046006,52,5,enterprise,credit_card,AU,0
CUS_00267,2023-02-06,2023-04-06,1592.9277815803998,20,8,basic,debit_card,US,0
CUS_00268,2023-06-09,2023-03-29,496.5044869511357,32,7,enterprise,paypal,CA,1
CUS_00269,2023-01-09,2023-03-19,2074.602875949291,14,7,enterprise,debit_card,AU,0
CUS_00270,2023-08-21,2023-10-15,950.2701234338925,50,0,premium,credit_card,CA,0
CUS_00271,2023-04-09,2023-04-30,3505.2603356220625,28,8,enterprise,debit_card,UK,0
CUS_00272,2023-05-27,2023-10-29,1795.888660035149,53,5,basic,paypal,UK,0
CUS_00273,2023-10-31,2023-06-14,4880.489984213583,24,8,premium,credit_card,DE,0
CUS_00274,2023-07-27,2023-07-01,3240.763178992127,79,2,premium,paypal,UK,0
CUS_00275,2023-05-11,2023-08-11,4130.154761808369,22,2,basic,credit_card,CA,0
CUS_00276,2023-06-01,2023-11-07,749.3708964350573,30,5,premium,credit_card,UK,1
CUS_00277,2023-02-23,2023-01-07,4323.870963135851,63,8,premium,credit_card,AU,0
CUS_00278,2023-04-30,2023-11-26,4621.5102335156325,4,6,premium,debit_card,UK,1
CUS_00279,2023-06-10,2023-09-20,2486.603402212786,77,2,premium,paypal,DE,0
CUS_00280,2023-04-26,2023-06-10,3070.6393949797894,59,2,basic,paypal,UK,0
CUS_00281,2023-03-16,2023-05-31,3847.568024424678,87,1,basic,paypal,CA,0
CUS_00282,2023-04-23,2023-03-26,956.7092735760215,8,8,premium,credit_card,CA,1
CUS_00283,2023-04-14,2023-05-27,2562.573774670868,82,2,premium,debit_card,UK,0
CUS_00284,2023-12-06,2023-04-22,2053.4488360843343,12,4,basic,credit_card,CA,0
CUS_00285,2023-09-11,2023-02-05,817.2325615950207,31,8,basic,paypal,CA,1
CUS_00286,2023-08-15,2023-10-12,1900.918669228504,78,7,basic,debit_card,DE,0
CUS_00287,2023-04-22,2023-07-07,434.04431598891847,34,1,premium,debit_card,AU,1
CUS_00288,2023-04-09,2023-03-23,226.47834405248622,82,2,premium,debit_card,DE,1
CUS_00289,2023-06-02,2023-01-02,762.3148168586315,98,1,enterprise,paypal,US,0
CUS_00290,2023-12-15,2023-10-30,4819.264046786951,75,7,basic,debit_card,DE,0
CUS_00291,2023-12-04,2023-07-16,2792.694725885583,76,5,premium,debit_card,UK,0
CUS_00292,2023-07-13,2023-01-11,4832.528589650778,49,5,basic,credit_card,AU,0
CUS_00293,2023-11-06,2023-08-22,2219.2396038176466,79,8,premium,credit_card,UK,0
CUS_00294,2023-06-12,2023-07-14,1627.8990521177718,57,7,basic,debit_card,US,0
CUS_00295,2023-07-27,2023-04-29,2580.095127917196,95,3,premium,debit_card,AU,0
CUS_00296,2023-06-18,2023-01-20,2253.6072743012596,93,3,enterprise,credit_card,CA,0
CUS_00297,2023-06-10,2023-09-18,617.7569528825452,26,8,enterprise,credit_card,DE,1
CUS_00298,2023-03-09,2023-10-20,3240.0489419820105,18,0,basic,credit_card,UK,0
CUS_00299,2023-10-16,2023-09-13,1158.587094297038,96,1,premium,paypal,US,0
CUS_00300,2023-10-04,2023-08-10,3135.980978999365,86,1,premium,paypal,CA,0
CUS_00301,2023-10-31,2023-08-14,3285.9853527509517,38,5,basic,credit_card,DE,0
CUS_00302,2023-05-15,2023-02-22,844.9217803303758,81,3,premium,debit_card,CA,0
CUS_00303,2023-07-14,2023-12-21,400.61317284227397,87,9,basic,credit_card,DE,1
CUS_00304,2023-05-08,2023-12-08,3925.7317717353553,88,2,premium,paypal,AU,0
CUS_00305,2023-02-02,2023-12-30,2353.0220764696687,50,2,basic,debit_card,CA,0
CUS_00306,2023-06-25,2023-10-07,385.0025979768314,8,2,premium,paypal,CA,1
CUS_00307,2023-01-22,2023-03-22,4974.844954131859,41,5,basic,debit_card,CA,0
CUS_00308,2023-08-26,2023-07-21,383.1247488821965,6,7,premium,paypal,AU,1
CUS_00309,2023-06-07,2023-06-07,3505.6726214069104,69,6,enterprise,debit_card,US,0
CUS_00310,2023-02-07,2023-04-30,4920.026733790727,44,3,premium,debit_card,DE,0
CUS_00311,2023-08-18,2023-02-28,1271.9825106580356,64,3,basic,debit_card,CA,0
CUS_00312,2023-12-31,2023-08-03,797.0219065672612,29,9,enterprise,debit_card,AU,1
CUS_00313,2023-02-20,2023-05-08,694.7862031699016,28,1,premium,paypal,US,0
CUS_00314,2023-09-21,2023-08-12,1586.048223081218,11,0,enterprise,paypal,DE,0
CUS_00315,2023-10-10,2023-07-28,595.1244739521687,65,8,premium,debit_card,AU,1
CUS_00316,2023-01-27,2023-04-25,3491.5905743012463,19,1,enterprise,debit_card,DE,0
CUS_00317,2023-08-14,2023-07-28,405.2298108373072,9,7,basic,paypal,CA,1
CUS_00318,2023-10-04,2023-01-14,2596.1684279339697,27,8,premium,debit_card,US,0
CUS_00319,2023-10-13,2023-01-09,4983.814583879586,34,3,premium,debit_card,AU,0
CUS_00320,2023-04-07,2023-02-09,4088.454320579492,44,7,basic,debit_card,US,0
CUS_00321,2023-10-11,2023-08-25,3114.5752473319535,68,8,enterprise,credit_card,CA,0
CUS_00322,2023-11-13,2023-10-08,1600.6427418543972,82,9,basic,debit_card,US,0
CUS_00323,2023-10-31,2023-12-25,3157.0895978290287,15,9,basic,credit_card,US,0
CUS_00324,2023-05-27,2023-07-20,2682.503173167093,51,4,enterprise,debit_card,UK,0
CUS_00325,2023-01-04,2023-09-03,2187.8085810628204,13,6,basic,paypal,US,0
CUS_00326,2023-02-04,2023-10-05,740.4808460269775,83,9,premium,credit_card,DE,1
CUS_00327,2023-07-11,2023-08-23,4444.360654678287,49,3,premium,credit_card,AU,0
CUS_00328,2023-02-18,2023-01-04,2303.9447792244805,70,0,premium,debit_card,UK,0
CUS_00329,2023-01-17,2023-06-03,1053.6503079217487,56,2,basic,debit_card,AU,0
CUS_00330,2023-06-21,2023-01-29,1902.020819298719,76,4,premium,credit_card,AU,0
CUS_00331,2023-08-08,2023-04-19,2129.2357873917426,51,2,premium,paypal,CA,0
CUS_00332,2023-06-07,2023-04-08,4154.935688277685,37,6,premium,paypal,CA,0
CUS_00333,2023-02-15,2023-08-03,3694.71046475087,17,8,premium,debit_card,UK,0
CUS_00334,2023-01-06,2023-10-20,3869.593978842565,58,5,premium,paypal,CA,0
CUS_00335,2023-04-09,2023-03-16,154.05319570037136,87,9,premium,paypal,CA,1
CUS_00336,2023-08-21,2023-11-22,2139.1545910808313,90,0,basic,debit_card,CA,0
CUS_00337,2023-02-06,2023-05-26,2458.5863430130858,29,6,premium,paypal,AU,0
CUS_00338,2023-10-07,2023-05-08,194.04215643297778,33,2,premium,debit_card,UK,1
CUS_00339,2023-12-15,2023-12-07,1373.0847228506677,60,4,enterprise,credit_card,AU,0
CUS_00340,2023-10-29,2023-02-11,3825.4201332984617,91,9,basic,debit_card,DE,0
CUS_00341,2023-06-30,2023-12-22,771.8375580720954,89,3,basic,credit_card,AU,0
CUS_00342,2023-04-05,2023-02-10,2723.019644117699,55,9,basic,credit_card,DE,0
CUS_00343,2023-04-09,2023-02-03,1154.4891728844639,10,4,basic,paypal,US,0
CUS_00344,2023-07-07,2023-01-17,159.39179575507703,47,4,premium,paypal,US,1
CUS_00345,2023-04-26,2023-06-14,1281.8871422377533,23,5,premium,paypal,DE,0
CUS_00346,2023-07-10,2023-06-02,4881.781399059264,85,9,enterprise,debit_card,DE,0
CUS_00347,2023-09-10,2023-03-17,4027.531848226649,21,9,enterprise,paypal,AU,0
CUS_00348,2023-06-10,2023-03-28,4801.925557173064,13,5,basic,credit_card,DE,0
CUS_00349,2023-09-13,2023-04-27,2490.484815239176,33,7,enterprise,paypal,UK,0
CUS_00350,2023-11-19,2023-12-28,637.7073735197672,24,7,enterprise,paypal,US,1
CUS_00351,2023-05-08,2023-12-08,2785.0014959710957,11,8,basic,debit_card,US,0
CUS_00352,2023-01-18,2023-01-27,2326.4489393438084,17,7,basic,debit_card,DE,0
CUS_00353,2023-10-08,2023-11-09,4237.349705424118,68,1,enterprise,credit_card,CA,0
CUS_00354,2023-08-11,2023-10-14,580.6046458427985,47,9,premium,debit_card,CA,1
CUS_00355,2023-02-23,2023-05-14,2492.381571406713,25,0,enterprise,paypal,DE,0
CUS_00356,2023-02-27,2023-08-07,835.2384570005229,94,9,enterprise,debit_card,UK,1
CUS_00357,2023-11-19,2023-06-17,1690.912041761294,73,1,premium,credit_card,CA,0
CUS_00358,2023-12-26,2023-04-08,3713.049679200218,21,1,premium,paypal,DE,0
CUS_00359,2023-06-23,2023-09-25,2432.488833906956,84,2,basic,credit_card,UK,0
CUS_00360,2023-10-07,2023-08-25,1941.8525972142697,83,9,basic,debit_card,UK,0
CUS_00361,2023-04-24,2023-11-05,2032.933764993173,83,6,enterprise,debit_card,AU,0
CUS_00362,2023-10-15,2023-06-22,2351.2891651893347,12,1,premium,credit_card,UK,0
CUS_00363,2023-12-08,2023-07-09,3946.5810648015786,37,0,basic,paypal,CA,0
CUS_00364,2023-05-31,2023-05-02,4471.214975807148,42,5,enterprise,debit_card,CA,0
CUS_00365,2023-05-07,2023-02-15,4781.139963869248,17,8,premium,debit_card,DE,0
CUS_00366,2023-06-04,2023-03-05,3955.826592650946,48,2,enterprise,paypal,DE,0
CUS_00367,2023-09-30,2023-05-10,1645.4937891652623,28,5,basic,debit_card,UK,0
CUS_00368,2023-04-14,2023-11-06,3471.8600598240564,41,2,basic,credit_card,US,0
CUS_00369,2023-10-26,2023-12-29,2244.2553078714204,99,0,premium,debit_card,AU,0
CUS_00370,2023-09-03,2023-07-12,1347.8860480256508,47,4,enterprise,debit_card,US,0
CUS_00371,2023-06-25,2023-11-03,4220.270739187021,18,9,premium,paypal,UK,0
CUS_00372,2023-02-08,2023-06-30,288.2891099153925,78,3,basic,credit_card,UK,1
CUS_00373,2023-06-19,2023-10-19,4518.633761463575,99,6,basic,paypal,US,0
CUS_00374,2023-09-04,2023-10-09,2361.2395766611976,71,5,enterprise,debit_card,AU,0
CUS_00375,2023-01-26,2023-01-29,3222.2872363605743,13,9,enterprise,debit_card,US,0
CUS_00376,2023-12-21,2023-05-29,3330.834218808335,82,6,enterprise,paypal,DE,0
CUS_00377,2023-11-02,2023-09-24,4486.076929462029,13,4,premium,paypal,CA,0
CUS_00378,2023-01-13,2023-10-23,3219.681442619316,31,3,enterprise,paypal,DE,0
CUS_00379,2023-11-12,2023-01-11,3108.274565324303,2,6,enterprise,credit_card,CA,1
CUS_00380,2023-11-09,2023-06-13,426.5949987473808,16,6,basic,debit_card,UK,1
CUS_00381,2023-02-05,2023-04-23,2640.1993075315,9,5,basic,paypal,AU,0
CUS_00382,2023-06-22,2023-07-06,835.8281040035041,73,7,enterprise,debit_card,US,1
CUS_00383,2023-01-20,2023-10-22,3713.4254667352793,38,3,enterprise,credit_card,AU,0
CUS_00384,2023-11-17,2023-08-20,2609.887411982105,75,9,basic,credit_card,US,0
CUS_00385,2023-09-21,2023-08-15,3433.1161181209313,54,4,enterprise,credit_card,DE,0
CUS_00386,2023-05-22,2023-11-06,304.1972129516829,56,3,premium,credit_card,DE,1
CUS_00387,2023-05-23,2023-04-08,515.4808786244357,86,0,premium,debit_card,US,0
CUS_00388,2023-04-02,2023-02-24,3609.984601507143,97,7,premium,credit_card,AU,0
CUS_00389,2023-12-20,2023-04-21,453.2132463934995,87,0,enterprise,credit_card,US,1
CUS_00390,2023-11-18,2023-06-01,449.15796604976714,45,4,basic,paypal,UK,1
CUS_00391,2023-10-15,2023-09-03,159.3315286509485,34,5,enterprise,credit_card,DE,1
CUS_00392,2023-08-03,2023-03-10,4786.856851667452,9,5,enterprise,paypal,UK,0
CUS_00393,2023-12-08,2023-11-08,3713.7909613491342,88,4,basic,credit_card,DE,0
CUS_00394,2023-02-20,2023-10-16,1830.9319016601144,8,2,basic,credit_card,DE,0
CUS_00395,2023-06-02,2023-09-07,1553.0243483095105,7,4,basic,paypal,CA,0
CUS_00396,2023-07-05,2023-02-05,1813.5458257546627,36,7,premium,credit_card,UK,0
CUS_00397,2023-03-04,2023-08-27,3895.802302787791,18,1,enterprise,debit_card,UK,0
CUS_00398,2023-07-09,2023-05-28,3340.7159942450307,3,5,basic,debit_card,CA,0
CUS_00399,2023-05-05,2023-08-15,1007.4582825505929,28,8,enterprise,credit_card,AU,0
CUS_00400,2023-05-30,2023-09-01,953.1357431370133,70,7,premium,debit_card,UK,1
CUS_00401,2023-11-10,2023-12-03,582.1386835956469,44,7,premium,paypal,US,1
CUS_00402,2023-02-27,2023-12-31,3335.483326536557,21,7,basic,credit_card,CA,0
CUS_00403,2023-12-08,2023-07-20,3845.426044886506,28,6,basic,credit_card,UK,0
CUS_00404,2023-11-01,2023-06-03,1398.7274987925198,54,7,enterprise,paypal,AU,0
CUS_00405,2023-06-29,2023-03-14,202.63030905147278,54,5,basic,paypal,UK,1
CUS_00406,2023-06-19,2023-07-20,502.641170634494,65,1,enterprise,paypal,DE,0
CUS_00407,2023-11-22,2023-10-23,4842.514170740649,21,1,basic,credit_card,US,0
CUS_00408,2023-09-28,2023-01-17,1547.6794096393594,99,7,enterprise,paypal,CA,0
CUS_00409,2023-02-23,2023-05-09,3869.193424406855,13,0,enterprise,paypal,DE,0
CUS_00410,2023-04-11,2023-08-05,3160.8514873858926,57,5,enterprise,debit_card,AU,0
CUS_00411,2023-09-21,2023-03-02,1971.5042342991899,49,5,enterprise,debit_card,DE,0
CUS_00412,2023-02-22,2023-04-14,1107.86758475822,54,3,premium,credit_card,DE,0
CUS_00413,2023-03-01,2023-02-11,694.7934489810915,10,9,enterprise,debit_card,AU,1
CUS_00414,2023-04-18,2023-01-25,3113.5635433904463,53,2,basic,debit_card,DE,0
CUS_00415,2023-01-05,2023-02-08,3895.7055251251613,44,2,premium,paypal,CA,0
CUS_00416,2023-04-13,2023-10-18,3255.13084235154,47,0,premium,paypal,UK,0
CUS_00417,2023-07-15,2023-05-11,2698.480452920876,53,2,enterprise,debit_card,DE,0
CUS_00418,2023-09-19,2023-08-17,305.5609948150177,74,3,premium,debit_card,CA,1
CUS_00419,2023-12-31,2023-04-18,4845.595010212481,46,4,enterprise,debit_card,UK,0
CUS_00420,2023-12-16,2023-06-21,4013.6995391074156,13,2,basic,credit_card,UK,0
CUS_00421,2023-02-16,2023-04-12,1534.8279798347273,37,5,enterprise,credit_card,DE,0
CUS_00422,2023-12-21,2023-12-20,4901.854613858368,24,4,premium,credit_card,CA,0
CUS_00423,2023-11-07,2023-01-12,3049.2197892179784,2,2,basic,debit_card,DE,0
CUS_00424,2023-11-04,2023-10-02,2953.871025215508,86,5,enterprise,debit_card,AU,0
CUS_00425,2023-05-24,2023-04-11,3765.5585792047073,81,5,basic,credit_card,UK,0
CUS_00426,2023-09-26,2023-02-13,4077.671961641674,14,7,basic,credit_card,DE,0
CUS_00427,2023-05-04,2023-11-01,3316.745175924363,10,1,premium,debit_card,UK,0
CUS_00428,2023-04-16,2023-01-17,727.6691571943801,35,0,basic,paypal,CA,0
CUS_00429,2023-06-07,2023-11-26,1757.5107793730422,25,3,premium,credit_card,US,0
CUS_00430,2023-05-27,2023-02-26,4647.6098375976435,3,6,basic,debit_card,DE,1
CUS_00431,2023-05-25,2023-11-07,1200.6164980348744,17,9,enterprise,debit_card,DE,0
CUS_00432,2023-04-30,2023-10-30,1923.6184168038153,12,2,basic,paypal,UK,0
CUS_00433,2023-11-15,2023-01-12,2217.1767264265604,54,2,enterprise,debit_card,CA,0
CUS_00434,2023-10-02,2023-11-14,2253.084449502816,24,4,enterprise,debit_card,AU,0
CUS_00435,2023-04-02,2023-03-21,3103.403954223175,29,4,basic,credit_card,CA,0
CUS_00436,2023-02-27,2023-08-04,4721.0716049490675,43,9,enterprise,credit_card,DE,0
CUS_00437,2023-12-12,2023-12-05,1279.3942879792744,25,2,basic,paypal,AU,0
CUS_00438,2023-08-17,2023-09-21,695.3567438744985,60,8,basic,paypal,CA,1
CUS_00439,2023-04-27,2023-05-29,1067.6054003136928,90,3,enterprise,debit_card,US,0
CUS_00440,2023-11-14,2023-03-22,4445.93201102542,65,2,enterprise,credit_card,UK,0
CUS_00441,2023-10-06,2023-08-03,3264.4729820105094,84,1,premium,paypal,CA,0
CUS_00442,2023-05-07,2023-07-17,1500.9432672718847,28,9,enterprise,paypal,CA,0
CUS_00443,2023-05-09,2023-07-19,4098.140000946225,16,8,premium,paypal,US,0
CUS_00444,2023-02-27,2023-01-25,4320.712982180837,47,3,enterprise,debit_card,DE,0
CUS_00445,2023-05-02,2023-03-30,4247.920259582363,81,2,basic,credit_card,UK,0
CUS_00446,2023-01-01,2023-09-25,4602.7400148338165,92,6,enterprise,paypal,CA,0
CUS_00447,2023-08-27,2023-05-23,1335.9809988494717,58,7,basic,credit_card,AU,0
CUS_00448,2023-10-17,2023-02-28,3799.7054508567635,76,1,basic,paypal,CA,0
CUS_00449,2023-04-06,2023-12-31,2356.643536643286,27,6,basic,paypal,UK,0
CUS_00450,2023-05-06,2023-01-26,4225.792909161301,53,4,premium,credit_card,CA,0
CUS_00451,2023-04-28,2023-02-16,3669.6043180919046,42,4,enterprise,credit_card,US,0
CUS_00452,2023-02-17,2023-10-15,3904.5924878486508,59,2,basic,credit_card,CA,0
CUS_00453,2023-03-30,2023-09-23,3315.1930046372504,47,4,basic,debit_card,CA,0
CUS_00454,2023-08-25,2023-01-16,969.4009704015637,94,1,premium,paypal,AU,0
CUS_00455,2023-09-29,2023-07-18,2770.631902594998,34,3,enterprise,debit_card,US,0
CUS_00456,2023-07-08,2023-10-09,4924.88172367009,37,5,enterprise,credit_card,US,0
CUS_00457,2023-07-11,2023-03-27,4693.201525835882,6,0,premium,paypal,CA,0
CUS_00458,2023-03-10,2023-09-07,311.5513054053572,7,9,premium,debit_card,AU,1
CUS_00459,2023-10-05,2023-09-27,907.5925970742419,96,3,enterprise,paypal,CA,0
CUS_00460,2023-12-15,2023-12-01,745.4709899273533,96,5,premium,debit_card,CA,1
CUS_00461,2023-09-04,2023-04-27,3657.301558927948,25,8,enterprise,credit_card,UK,0
CUS_00462,2023-03-17,2023-01-07,4107.148116299031,33,1,enterprise,debit_card,UK,0
CUS_00463,2023-06-03,2023-05-17,1146.2056949222924,55,6,basic,paypal,AU,0
CUS_00464,2023-05-24,2023-06-25,2578.6781954639623,58,5,basic,paypal,DE,0
CUS_00465,2023-03-27,2023-11-24,4219.44483725488,7,1,enterprise,paypal,UK,0
CUS_00466,2023-07-04,2023-11-11,3690.727569354628,57,7,enterprise,paypal,DE,0
CUS_00467,2023-10-12,2023-08-03,2756.9623069100567,12,6,enterprise,credit_card,US,0
CUS_00468,2023-08-08,2023-03-23,2992.703683247987,16,4,enterprise,debit_card,UK,0
CUS_00469,2023-03-10,2023-08-11,2590.966679889772,80,4,enterprise,credit_card,UK,0
CUS_00470,2023-02-16,2023-04-13,1557.9874114622207,43,6,enterprise,credit_card,AU,0
CUS_00471,2023-04-04,2023-09-30,2868.607765009179,77,8,premium,credit_card,DE,0
CUS_00472,2023-08-26,2023-01-14,3475.5379800454443,7,8,enterprise,paypal,UK,1
CUS_00473,2023-07-23,2023-06-08,4379.282287717958,51,8,premium,paypal,UK,0
CUS_00474,2023-08-06,2023-06-01,3217.8276344983155,73,5,premium,paypal,AU,0
CUS_00475,2023-12-07,2023-04-18,3829.4955315114744,32,9,enterprise,debit_card,AU,0
CUS_00476,2023-02-08,2023-07-07,884.3510112774077,75,5,enterprise,paypal,DE,1
CUS_00477,2023-04-10,2023-10-28,2361.6316246569704,8,2,premium,debit_card,US,0
CUS_00478,2023-10-16,2023-04-08,145.72493715275715,97,0,premium,paypal,US,1
CUS_00479,2023-09-11,2023-05-11,1308.7264361559528,87,6,enterprise,paypal,CA,0
CUS_00480,2023-08-10,2023-10-20,3659.6624040537235,89,3,enterprise,credit_card,UK,0
CUS_00481,2023-12-23,2023-06-20,4959.8687616118805,72,0,premium,credit_card,DE,0
CUS_00482,2023-01-23,2023-07-02,585.972687977358,45,7,premium,credit_card,UK,1
CUS_00483,2023-09-07,2023-12-30,2067.3221477203124,86,5,premium,debit_card,DE,0
CUS_00484,2023-01-10,2023-02-08,4020.3477466258814,59,5,basic,debit_card,DE,0
CUS_00485,2023-09-03,2023-01-15,1099.7746096816045,4,1,premium,paypal,DE,0
CUS_00486,2023-11-21,2023-01-04,2819.9162515812027,67,0,basic,debit_card,UK,0
CUS_00487,2023-04-10,2023-12-15,3692.0493505454065,29,1,enterprise,paypal,AU,0
CUS_00488,2023-10-17,2023-07-29,3118.3287062748773,29,3,enterprise,debit_card,UK,0
CUS_00489,2023-06-29,2023-06-10,1021.3211996155391,98,1,premium,debit_card,DE,0
CUS_00490,2023-08-11,2023-01-16,1841.3843865601232,98,0,enterprise,debit_card,CA,0
CUS_00491,2023-09-07,2023-04-18,3940.5797439784465,28,6,enterprise,credit_card,US,0
CUS_00492,2023-05-27,2023-11-07,2815.7099192468813,77,7,enterprise,debit_card,DE,0
CUS_00493,2023-04-06,2023-08-15,125.62510636027241,79,5,enterprise,credit_card,CA,1
CUS_00494,2023-09-14,2023-06-19,3828.85472413766,87,3,basic,credit_card,AU,0
CUS_00495,2023-11-21,2023-02-03,273.0256392071715,44,5,basic,debit_card,DE,1
CUS_00496,2023-01-04,2023-09-08,3754.0955353830377,90,2,premium,paypal,CA,0
CUS_00497,2023-01-16,2023-09-04,1092.1547448096633,4,7,premium,paypal,DE,1
CUS_00498,2023-10-07,2023-09-26,4794.560052584963,90,9,premium,paypal,UK,0
CUS_00499,2023-12-02,2023-05-21,1902.909681380214,9,1,enterprise,debit_card,CA,0
CUS_00500,2023-09-04,2023-10-01,1701.9649200565875,5,4,enterprise,paypal,UK,0
CUS_00501,2023-09-15,2023-04-06,829.551446628979,56,0,basic,credit_card,UK,0
CUS_00502,2023-06-09,2023-08-15,1597.4606559020528,96,5,basic,paypal,CA,0
CUS_00503,2023-12-06,2023-02-08,4395.588732958183,84,1,premium,debit_card,US,0
CUS_00504,2023-06-01,2023-10-29,4982.038254373512,50,3,basic,paypal,CA,0
CUS_00505,2023-06-27,2023-01-29,1904.7166994835568,75,5,basic,credit_card,US,0
CUS_00506,2023-06-12,2023-11-14,2298.1920916772588,15,9,basic,debit_card,DE,0
CUS_00507,2023-02-02,2023-09-02,3638.1475971934115,32,7,basic,paypal,DE,0
CUS_00508,2023-06-28,2023-08-24,4442.359324278865,28,7,basic,debit_card,CA,0
CUS_00509,2023-04-11,2023-07-04,3005.9172375152425,22,5,premium,debit_card,DE,0
CUS_00510,2023-09-25,2023-09-29,2018.4759210713637,17,3,premium,debit_card,AU,0
CUS_00511,2023-11-19,2023-08-24,2121.8470201582563,59,7,basic,paypal,UK,0
CUS_00512,2023-03-06,2023-08-27,3508.5289178343537,90,7,premium,debit_card,UK,0
CUS_00513,2023-06-17,2023-09-23,115.76949166096554,71,9,enterprise,paypal,US,1
CUS_00514,2023-11-26,2023-12-25,3135.987753553219,57,0,basic,credit_card,DE,0
CUS_00515,2023-02-12,2023-12-06,1841.9157511626513,26,3,enterprise,paypal,US,0
CUS_00516,2023-02-13,2023-03-06,3991.566923257713,25,3,premium,credit_card,UK,0
CUS_00517,2023-10-12,2023-06-26,555.6541351333476,10,6,premium,paypal,UK,1
CUS_00518,2023-01-12,2023-01-03,2982.1911080471136,45,6,enterprise,debit_card,DE,0
CUS_00519,2023-04-05,2023-05-22,2456.7671604420066,83,7,premium,paypal,AU,0
CUS_00520,2023-10-29,2023-06-07,3247.3950769356143,11,4,basic,debit_card,AU,0
CUS_00521,2023-09-10,2023-11-20,417.7826129665449,77,6,enterprise,credit_card,DE,1
CUS_00522,2023-08-30,2023-05-26,2941.9205583978433,53,7,basic,paypal,DE,0
CUS_00523,2023-02-04,2023-10-20,2851.274481001666,72,8,enterprise,debit_card,US,0
CUS_00524,2023-08-03,2023-06-02,2847.2344626392373,68,2,premium,credit_card,DE,0
CUS_00525,2023-12-03,2023-07-12,3057.0895663226283,95,2,enterprise,credit_card,AU,0
CUS_00526,2023-03-31,2023-03-14,3414.692892409175,28,3,enterprise,paypal,DE,0
CUS_00527,2023-09-21,2023-11-01,4044.446098435772,75,4,basic,credit_card,US,0
CUS_00528,2023-04-03,2023-12-10,1422.1215286282502,65,9,premium,debit_card,US,0
CUS_00529,2023-03-31,2023-05-20,4142.742109882304,49,0,basic,credit_card,US,0
CUS_00530,2023-04-25,2023-07-06,2541.4528430909227,47,6,premium,credit_card,US,0
CUS_00531,2023-04-15,2023-10-20,477.5855677582227,52,8,basic,debit_card,CA,1
CUS_00532,2023-07-15,2023-03-02,386.8995532954981,88,7,enterprise,credit_card,DE,1
CUS_00533,2023-11-10,2023-07-17,1737.767761610698,54,4,basic,credit_card,UK,0
CUS_00534,2023-04-24,2023-10-22,3945.995187846191,60,3,premium,credit_card,DE,0
CUS_00535,2023-03-16,2023-11-15,3567.636580230487,57,6,premium,credit_card,CA,0
CUS_00536,2023-08-05,2023-10-29,3964.2133268947914,47,4,enterprise,debit_card,US,0
CUS_00537,2023-10-04,2023-12-10,2634.6183765638857,31,6,premium,credit_card,CA,0
CUS_00538,2023-09-06,2023-01-11,2256.9750899819037,46,0,basic,debit_card,AU,0
CUS_00539,2023-06-13,2023-03-03,822.5173808607914,26,0,enterprise,credit_card,AU,0
CUS_00540,2023-12-23,2023-11-29,1708.1444926856266,5,9,premium,credit_card,DE,1
CUS_00541,2023-07-11,2023-08-14,2226.694894251989,84,2,premium,credit_card,DE,0
CUS_00542,2023-08-15,2023-06-02,534.1421054301245,52,1,basic,credit_card,UK,0
CUS_00543,2023-06-26,2023-07-18,1180.9985682849351,75,1,basic,debit_card,UK,0
CUS_00544,2023-04-09,2023-02-21,3031.3039409123203,54,6,enterprise,debit_card,AU,0
CUS_00545,2023-02-05,2023-09-17,3704.74925977203,33,9,premium,debit_card,US,0
CUS_00546,2023-04-06,2023-02-28,4991.9028058254535,50,1,basic,paypal,CA,0
CUS_00547,2023-06-01,2023-03-13,4672.255323583433,38,3,enterprise,credit_card,UK,0
CUS_00548,2023-05-31,2023-05-28,3248.5694777224385,27,1,premium,credit_card,UK,0
CUS_00549,2023-07-09,2023-12-15,2164.115461140953,98,5,premium,debit_card,US,0
CUS_00550,2023-08-12,2023-03-04,3217.2690870703404,15,7,enterprise,paypal,US,0
CUS_00551,2023-02-06,2023-11-06,3949.692928593137,96,9,enterprise,credit_card,DE,0
CUS_00552,2023-09-25,2023-08-31,679.8473355245978,61,3,basic,debit_card,CA,0
CUS_00553,2023-07-02,2023-11-26,2108.533959511812,21,4,premium,credit_card,US,0
CUS_00554,2023-01-13,2023-04-17,4215.031199614525,46,3,premium,credit_card,UK,0
CUS_00555,2023-10-06,2023-08-14,1980.7814644719156,69,2,premium,debit_card,UK,0
CUS_00556,2023-08-05,2023-11-09,2902.174129013214,6,4,enterprise,debit_card,AU,0
CUS_00557,2023-12-21,2023-08-06,2980.069868224771,38,8,basic,credit_card,US,0
CUS_00558,2023-12-27,2023-08-29,1003.9336403548328,62,7,premium,credit_card,DE,0
CUS_00559,2023-10-13,2023-09-16,1874.953664096213,86,7,enterprise,debit_card,CA,0
CUS_00560,2023-09-30,2023-09-19,1739.1053148354674,62,7,premium,credit_card,DE,0
CUS_00561,2023-03-03,2023-01-05,228.3638718071175,82,7,basic,credit_card,UK,1
CUS_00562,2023-03-25,2023-09-18,218.5396430676407,78,6,premium,debit_card,DE,1
CUS_00563,2023-08-05,2023-02-23,4175.31551401129,74,7,basic,credit_card,UK,0
CUS_00564,2023-12-08,2023-02-16,1438.0469688667808,46,7,basic,credit_card,UK,0
CUS_00565,2023-07-06,2023-08-03,2638.5859545701956,13,7,premium,paypal,UK,0
CUS_00566,2023-01-19,2023-06-26,1563.755310584988,95,9,premium,debit_card,UK,0
CUS_00567,2023-06-26,2023-01-09,4709.3283010651685,94,6,basic,paypal,UK,0
CUS_00568,2023-04-10,2023-04-09,1370.5541184422914,3,0,enterprise,paypal,AU,0
CUS_00569,2023-08-21,2023-01-20,2205.3183824207817,94,3,basic,paypal,DE,0
CUS_00570,2023-03-17,2023-08-29,4376.378227374549,6,3,premium,credit_card,AU,0
CUS_00571,2023-09-22,2023-03-02,4225.474477279862,93,4,premium,credit_card,AU,0
CUS_00572,2023-10-11,2023-06-27,1011.8969474467589,8,9,enterprise,paypal,US,1
CUS_00573,2023-07-25,2023-12-04,4032.952217998981,44,5,basic,paypal,US,0
CUS_00574,2023-08-11,2023-03-03,2345.115745015674,33,3,basic,paypal,US,0
CUS_00575,2023-02-21,2023-05-25,2466.5474732182406,81,1,basic,credit_card,CA,0
CUS_00576,2023-12-05,2023-08-04,754.0518648381245,75,5,premium,paypal,US,1
CUS_00577,2023-05-24,2023-01-03,494.9474174099108,77,7,basic,paypal,DE,1
CUS_00578,2023-03-10,2023-06-09,3666.9026041714496,50,7,enterprise,debit_card,AU,0
CUS_00579,2023-04-09,2023-08-15,2532.659646540969,11,6,premium,debit_card,DE,0
CUS_00580,2023-01-25,2023-09-26,2240.56844281438,95,5,premium,credit_card,US,0
CUS_00581,2023-02-22,2023-04-30,3674.590320396744,28,1,basic,debit_card,CA,0
CUS_00582,2023-05-31,2023-03-30,3851.013205056438,70,6,enterprise,debit_card,CA,0
CUS_00583,2023-05-24,2023-11-25,878.6500215798325,41,4,premium,debit_card,AU,1
CUS_00584,2023-02-26,2023-03-09,3090.1032324404423,16,5,premium,credit_card,DE,0
CUS_00585,2023-02-08,2023-12-23,763.2350031606591,68,9,basic,debit_card,UK,1
CUS_00586,2023-04-19,2023-04-08,3781.737921542324,99,7,basic,credit_card,DE,0
CUS_00587,2023-06-30,2023-09-24,3319.0802657089835,48,7,enterprise,paypal,US,0
CUS_00588,2023-02-11,2023-04-15,4787.411643308944,56,2,basic,debit_card,UK,0
CUS_00589,2023-07-05,2023-11-19,437.8942801464638,64,6,enterprise,credit_card,CA,1
CUS_00590,2023-08-11,2023-05-03,379.5681336411462,59,0,premium,debit_card,AU,1
CUS_00591,2023-05-02,2023-01-29,1482.7166659966806,90,0,enterprise,paypal,AU,0
CUS_00592,2023-05-13,2023-05-17,1382.3578503059393,62,6,enterprise,credit_card,CA,0
CUS_00593,2023-06-12,2023-07-14,1310.1961154527992,76,9,enterprise,credit_card,US,0
CUS_00594,2023-08-03,2023-08-14,4540.647444553079,11,8,premium,credit_card,CA,0
CUS_00595,2023-08-09,2023-11-28,1322.77637926258,89,6,basic,paypal,US,0
CUS_00596,2023-08-23,2023-06-19,1432.553658030292,18,9,premium,paypal,UK,0
CUS_00597,2023-11-27,2023-01-09,3821.0514858480224,19,4,basic,paypal,CA,0
CUS_00598,2023-05-26,2023-02-09,2303.725228007646,87,7,enterprise,credit_card,US,0
CUS_00599,2023-08-27,2023-01-25,3905.881729080388,55,1,enterprise,paypal,UK,0
CUS_00600,2023-03-17,2023-09-18,420.29417206548766,82,8,enterprise,debit_card,CA,1
CUS_00601,2023-01-09,2023-08-14,2489.098848999583,26,5,enterprise,paypal,AU,0
CUS_00602,2023-03-15,2023-05-04,264.7066408980849,6,8,enterprise,credit_card,CA,1
CUS_00603,2023-09-10,2023-02-07,407.00069693123714,4,1,basic,debit_card,DE,1
CUS_00604,2023-08-18,2023-11-24,4541.5435213876135,29,2,basic,paypal,CA,0
CUS_00605,2023-01-07,2023-09-08,782.3023184762163,59,7,enterprise,debit_card,DE,1
CUS_00606,2023-06-23,2023-06-25,2708.8613431485637,98,0,premium,debit_card,UK,0
CUS_00607,2023-05-21,2023-03-31,2114.368452743462,17,9,premium,credit_card,CA,0
CUS_00608,2023-06-17,2023-02-06,1801.9822986683291,43,6,enterprise,debit_card,UK,0
CUS_00609,2023-06-19,2023-11-12,4509.1833938676355,80,6,basic,debit_card,UK,0
CUS_00610,2023-10-10,2023-06-25,206.93464419989857,66,0,premium,credit_card,US,1
CUS_00611,2023-05-02,2023-10-11,3352.5694622603864,34,8,premium,credit_card,UK,0
CUS_00612,2023-07-13,2023-03-22,4820.632727646397,8,7,premium,credit_card,UK,1
CUS_00613,2023-01-05,2023-04-24,2844.8240989630253,13,3,enterprise,debit_card,CA,0
CUS_00614,2023-01-29,2023-02-09,4690.43006396215,8,9,premium,debit_card,CA,1
CUS_00615,2023-06-14,2023-10-28,356.06360850151646,94,4,premium,debit_card,AU,1
CUS_00616,2023-12-05,2023-08-12,2152.0872634633906,96,1,premium,credit_card,US,0
CUS_00617,2023-05-16,2023-11-14,1374.7731757140507,94,8,premium,paypal,UK,0
CUS_00618,2023-12-31,2023-12-15,3681.022728405576,65,5,basic,debit_card,US,0
CUS_00619,2023-11-17,2023-04-25,4908.355743436508,43,2,enterprise,paypal,DE,0
CUS_00620,2023-12-08,2023-07-05,1356.9973059768142,39,6,enterprise,credit_card,UK,0
CUS_00621,2023-05-25,2023-11-19,3305.455547222965,81,8,basic,debit_card,US,0
CUS_00622,2023-11-23,2023-02-25,1070.6784005227266,59,2,basic,paypal,AU,0
CUS_00623,2023-08-05,2023-02-09,2870.1182474008883,84,1,enterprise,debit_card,AU,0
CUS_00624,2023-10-28,2023-12-20,2373.2691847728474,88,6,premium,debit_card,UK,0
CUS_00625,2023-05-12,2023-02-09,4862.826115194532,86,6,premium,debit_card,DE,0
CUS_00626,2023-10-19,2023-12-13,3081.7836362126864,93,3,enterprise,paypal,AU,0
CUS_00627,2023-03-11,2023-08-25,1812.581223225412,86,8,premium,credit_card,AU,0
CUS_00628,2023-09-09,2023-10-16,659.0693459508735,44,7,basic,debit_card,DE,1
CUS_00629,2023-10-02,2023-09-19,841.1094608011794,9,0,premium,credit_card,US,0
CUS_00630,2023-12-30,2023-08-04,1204.052956761052,37,0,premium,credit_card,AU,0
CUS_00631,2023-07-01,2023-05-27,1329.7366405674602,74,4,premium,paypal,CA,0
CUS_00632,2023-06-16,2023-12-02,4268.018683421576,36,5,enterprise,paypal,AU,0
CUS_00633,2023-04-01,2023-06-17,2849.991662584372,92,2,basic,credit_card,US,0
CUS_00634,2023-07-21,2023-04-02,2664.6154657343955,28,8,premium,debit_card,US,0
CUS_00635,2023-12-12,2023-12-19,662.3674721591656,42,9,enterprise,paypal,UK,1
CUS_00636,2023-01-19,2023-02-28,4314.684497412231,43,5,premium,debit_card,CA,0
CUS_00637,2023-02-08,2023-02-28,3641.7900857215704,85,3,basic,debit_card,US,0
CUS_00638,2023-05-06,2023-10-31,431.57497331000775,88,6,premium,debit_card,DE,1
CUS_00639,2023-06-22,2023-06-18,3568.3919764258667,42,7,basic,credit_card,CA,0
CUS_00640,2023-05-21,2023-09-26,2763.337264978966,66,8,premium,debit_card,CA,0
CUS_00641,2023-08-30,2023-12-29,500.45419415921344,55,5,basic,credit_card,DE,1
CUS_00642,2023-08-08,2023-02-14,2345.673143490417,72,5,premium,credit_card,AU,0
CUS_00643,2023-05-06,2023-12-11,2475.01180693723,48,7,basic,debit_card,DE,0
CUS_00644,2023-02-27,2023-06-30,912.2952468000511,91,4,premium,debit_card,DE,1
CUS_00645,2023-05-28,2023-06-19,4733.920920301383,22,2,premium,debit_card,AU,0
CUS_00646,2023-11-13,2023-12-22,4264.879320255243,27,2,enterprise,debit_card,AU,0
CUS_00647,2023-12-27,2023-07-10,3378.2094529126307,93,5,enterprise,credit_card,AU,0
CUS_00648,2023-01-01,2023-06-04,2365.2482489029753,67,1,basic,debit_card,AU,0
CUS_00649,2023-12-14,2023-07-07,2117.6511537640918,13,5,premium,debit_card,AU,0
CUS_00650,2023-07-09,2023-01-07,3289.7699890396752,45,5,basic,credit_card,DE,0
CUS_00651,2023-07-10,2023-05-13,2772.6161600938367,10,7,enterprise,paypal,UK,0
CUS_00652,2023-11-08,2023-08-23,405.1382188212395,9,6,basic,paypal,UK,1
CUS_00653,2023-04-27,2023-02-14,2611.262978974625,54,7,basic,credit_card,US,0
CUS_00654,2023-05-14,2023-11-10,4051.3777244409134,27,8,enterprise,paypal,UK,0
CUS_00655,2023-02-27,2023-09-06,2350.2754002250945,34,5,premium,credit_card,UK,0
CUS_00656,2023-02-13,2023-01-31,354.5872300159152,1,2,basic,debit_card,DE,1
CUS_00657,2023-06-22,2023-01-23,3952.763176981762,32,9,enterprise,debit_card,AU,0
CUS_00658,2023-06-09,2023-06-09,1086.6825324662746,89,2,premium,paypal,AU,0
CUS_00659,2023-06-22,2023-12-29,1367.24209095139,93,0,enterprise,debit_card,DE,0
CUS_00660,2023-11-13,2023-06-07,907.0611318182499,71,4,basic,paypal,UK,1
CUS_00661,2023-10-30,2023-02-08,1718.053817870338,67,3,premium,paypal,DE,0
CUS_00662,2023-05-29,2023-03-23,3808.0823778743115,84,8,premium,debit_card,US,0
CUS_00663,2023-03-21,2023-12-22,2644.990711569293,20,8,enterprise,debit_card,AU,0
CUS_00664,2023-08-01,2023-09-15,1103.9182433384915,94,4,enterprise,paypal,CA,0
CUS_00665,2023-07-22,2023-07-25,4401.367382945,35,9,enterprise,debit_card,US,0
CUS_00666,2023-09-09,2023-03-18,4409.951089262493,99,3,premium,credit_card,US,0
CUS_00667,2023-08-17,2023-01-12,4365.834282725434,91,6,premium,debit_card,DE,0
CUS_00668,2023-06-13,2023-10-22,1270.1014357695424,90,5,basic,debit_card,UK,0
CUS_00669,2023-08-15,2023-08-12,2311.072786486842,78,3,premium,credit_card,AU,0
CUS_00670,2023-05-27,2023-01-13,4926.449315090288,17,9,basic,debit_card,CA,0
CUS_00671,2023-01-20,2023-02-15,3882.861133918953,18,1,enterprise,debit_card,US,0
CUS_00672,2023-02-16,2023-06-04,233.12036400524312,45,0,enterprise,paypal,CA,1
CUS_00673,2023-08-21,2023-04-23,419.50249717641105,93,3,premium,debit_card,UK,1
CUS_00674,2023-11-01,2023-08-21,2373.2637463804303,84,3,enterprise,debit_card,UK,0
CUS_00675,2023-01-14,2023-01-17,4555.179008721645,53,0,enterprise,credit_card,CA,0
CUS_00676,2023-05-23,2023-12-26,2739.6388099682995,91,5,premium,paypal,AU,0
CUS_00677,2023-01-01,2023-08-11,2539.281289368022,82,3,basic,paypal,UK,0
CUS_00678,2023-02-23,2023-12-20,616.8211297874899,68,0,premium,paypal,CA,0
CUS_00679,2023-09-16,2023-07-07,3318.222513149041,65,0,basic,debit_card,US,0
CUS_00680,2023-05-24,2023-12-10,4128.305486941104,1,0,premium,paypal,CA,0
CUS_00681,2023-01-12,2023-12-31,1964.0580367870555,58,7,premium,credit_card,CA,0
CUS_00682,2023-11-26,2023-06-12,3900.4980695341046,26,9,enterprise,paypal,DE,0
CUS_00683,2023-08-12,2023-11-22,4825.935604113977,20,7,premium,credit_card,UK,0
CUS_00684,2023-09-29,2023-03-15,1098.4556497256767,87,1,premium,paypal,AU,0
CUS_00685,2023-12-24,2023-08-21,2664.3151928542325,10,6,basic,paypal,AU,0
CUS_00686,2023-06-05,2023-08-12,1506.9759946144202,59,7,enterprise,credit_card,DE,0
CUS_00687,2023-01-08,2023-11-15,3984.986653265813,75,7,basic,paypal,AU,0
CUS_00688,2023-05-02,2023-03-01,2930.2074928176717,41,9,basic,paypal,CA,0
CUS_00689,2023-12-14,2023-12-01,3209.4538459964883,5,6,enterprise,paypal,DE,1
CUS_00690,2023-06-13,2023-08-10,4009.779382117881,65,4,enterprise,debit_card,US,0
CUS_00691,2023-03-31,2023-02-06,2040.2553160460288,17,0,enterprise,credit_card,UK,0
CUS_00692,2023-05-16,2023-10-05,4583.941335194511,22,8,premium,paypal,UK,0
CUS_00693,2023-07-05,2023-07-15,2711.8414495060856,98,6,enterprise,credit_card,UK,0
CUS_00694,2023-11-12,2023-12-18,873.9786318932053,41,1,enterprise,credit_card,CA,0
CUS_00695,2023-06-27,2023-08-30,3509.905679027132,93,5,enterprise,credit_card,US,0
CUS_00696,2023-01-28,2023-11-20,3986.9806171474465,68,1,basic,paypal,DE,0
CUS_00697,2023-08-08,2023-08-07,1652.1322176308806,69,0,basic,paypal,DE,0
CUS_00698,2023-12-23,2023-07-11,4300.178359293889,11,6,premium,credit_card,UK,0
CUS_00699,2023-02-10,2023-01-17,4540.101948352255,56,1,basic,debit_card,US,0
CUS_00700,2023-08-16,2023-01-12,1456.8319881512637,51,1,premium,credit_card,US,0
CUS_00701,2023-07-11,2023-07-12,4919.255216304588,21,4,basic,debit_card,US,0
CUS_00702,2023-05-25,2023-01-22,789.4864874389162,99,4,enterprise,credit_card,AU,1
CUS_00703,2023-07-20,2023-04-30,1089.8767751722007,76,6,basic,credit_card,AU,0
CUS_00704,2023-07-31,2023-07-29,1002.7017122663281,26,0,premium,credit_card,UK,0
CUS_00705,2023-08-08,2023-11-02,4480.549579038565,19,7,basic,paypal,US,0
CUS_00706,2023-08-28,2023-09-27,3306.033506392313,60,2,enterprise,debit_card,US,0
CUS_00707,2023-02-15,2023-07-11,845.3109877891371,71,3,premium,debit_card,DE,0
CUS_00708,2023-02-04,2023-06-24,2257.58475000491,47,8,enterprise,credit_card,DE,0
CUS_00709,2023-09-10,2023-10-12,3114.96032284203,71,3,enterprise,paypal,UK,0
CUS_00710,2023-03-23,2023-07-23,508.9740164479781,26,9,premium,paypal,US,1
CUS_00711,2023-09-13,2023-06-13,4423.84020519596,40,4,enterprise,debit_card,UK,0
CUS_00712,2023-07-16,2023-09-08,4037.657323663522,5,6,enterprise,paypal,DE,1
CUS_00713,2023-10-30,2023-08-15,2575.5131905255275,21,3,basic,debit_card,DE,0
CUS_00714,2023-01-10,2023-01-07,4838.920414769935,78,0,enterprise,debit_card,AU,0
CUS_00715,2023-11-08,2023-01-29,2147.0287984479883,4,8,enterprise,debit_card,UK,1
CUS_00716,2023-10-13,2023-02-02,4922.140563278839,23,3,enterprise,paypal,UK,0
CUS_00717,2023-08-30,2023-05-14,3372.8079941377728,84,8,enterprise,debit_card,US,0
CUS_00718,2023-09-08,2023-03-20,3209.889238944313,15,5,premium,debit_card,US,0
CUS_00719,2023-12-31,2023-02-27,913.1789869493465,93,0,basic,credit_card,AU,0
CUS_00720,2023-01-05,2023-01-26,4421.446015692755,8,2,enterprise,debit_card,CA,0
CUS_00721,2023-04-29,2023-08-14,2194.699470811014,41,1,enterprise,debit_card,CA,0
CUS_00722,2023-10-16,2023-10-12,894.9436883341489,19,8,premium,credit_card,CA,1
CUS_00723,2023-03-06,2023-01-04,161.77684788121928,46,0,enterprise,credit_card,UK,1
CUS_00724,2023-05-26,2023-04-09,2842.8028498280746,28,8,premium,paypal,UK,0
CUS_00725,2023-08-12,2023-02-08,2684.258148401114,91,8,basic,debit_card,DE,0
CUS_00726,2023-08-27,2023-09-28,3624.832749608877,68,7,basic,paypal,UK,0
CUS_00727,2023-06-26,2023-10-12,4462.26445978723,15,7,enterprise,paypal,UK,0
CUS_00728,2023-09-24,2023-06-06,489.09226475084466,99,0,enterprise,credit_card,UK,1
CUS_00729,2023-12-07,2023-03-16,3684.3328026677755,37,7,enterprise,paypal,AU,0
CUS_00730,2023-10-09,2023-10-15,1018.3185260781529,1,9,premium,debit_card,UK,1
CUS_00731,2023-03-04,2023-05-10,4305.067560470104,67,2,enterprise,credit_card,US,0
CUS_00732,2023-08-05,2023-06-24,4113.411217922115,24,6,enterprise,debit_card,US,0
CUS_00733,2023-12-08,2023-03-25,2749.8893994291675,27,0,basic,debit_card,DE,0
CUS_00734,2023-11-11,2023-01-22,3580.1897132542263,40,0,enterprise,credit_card,AU,0
CUS_00735,2023-10-10,2023-01-27,1640.315554600367,63,9,basic,debit_card,US,0
CUS_00736,2023-06-26,2023-07-14,2408.7227047707916,61,4,enterprise,credit_card,AU,0
CUS_00737,2023-04-08,2023-12-03,4126.020798781311,36,4,basic,debit_card,AU,0
CUS_00738,2023-04-15,2023-08-24,2350.399466148748,98,7,enterprise,credit_card,DE,0
CUS_00739,2023-04-09,2023-04-02,1853.2115000946649,93,6,basic,paypal,AU,0
CUS_00740,2023-11-07,2023-01-21,2521.6409915264694,24,7,premium,debit_card,UK,0
CUS_00741,2023-01-06,2023-10-30,4158.4213369423705,24,5,basic,credit_card,AU,0
CUS_00742,2023-07-16,2023-12-23,1742.5194321172764,4,5,basic,debit_card,DE,0
CUS_00743,2023-12-17,2023-03-25,951.4318063651446,67,1,basic,debit_card,DE,0
CUS_00744,2023-05-13,2023-09-19,3588.8686996208257,34,5,enterprise,debit_card,DE,0
CUS_00745,2023-12-24,2023-05-27,4147.293242269601,57,4,enterprise,credit_card,US,0
CUS_00746,2023-09-16,2023-09-14,593.1236447653133,49,2,enterprise,paypal,UK,0
CUS_00747,2023-01-23,2023-02-27,1275.3831525041292,87,5,premium,paypal,US,0
CUS_00748,2023-02-22,2023-01-15,795.6627498288701,53,7,premium,paypal,CA,1
CUS_00749,2023-06-14,2023-06-11,1804.9129167526164,23,8,basic,credit_card,UK,0
CUS_00750,2023-07-21,2023-06-12,2306.719796636522,69,0,premium,paypal,AU,0
CUS_00751,2023-03-24,2023-11-16,3769.249051120202,95,2,basic,credit_card,DE,0
CUS_00752,2023-05-25,2023-10-08,3290.623165920203,53,2,basic,debit_card,CA,0
CUS_00753,2023-03-26,2023-10-07,3142.5499806443127,62,7,basic,debit_card,UK,0
CUS_00754,2023-03-19,2023-01-12,1826.6372383873065,41,0,premium,paypal,US,0
CUS_00755,2023-01-01,2023-10-01,4223.0930101153235,57,4,enterprise,credit_card,DE,0
CUS_00756,2023-02-20,2023-09-28,2409.3071202510064,60,2,premium,debit_card,US,0
CUS_00757,2023-06-22,2023-07-27,4897.614196274257,54,1,basic,credit_card,UK,0
CUS_00758,2023-07-24,2023-01-27,3207.2964776491103,70,7,basic,credit_card,UK,0
CUS_00759,2023-09-17,2023-03-13,718.6972336660634,57,2,premium,debit_card,CA,0
CUS_00760,2023-10-15,2023-03-01,3413.2700541696267,10,6,basic,credit_card,AU,0
CUS_00761,2023-02-03,2023-05-25,1693.009675615325,40,0,basic,debit_card,US,0
CUS_00762,2023-12-14,2023-04-03,3463.0032637618774,7,5,premium,debit_card,CA,0
CUS_00763,2023-04-05,2023-11-05,441.2416259957881,38,2,premium,debit_card,DE,1
CUS_00764,2023-03-13,2023-01-08,956.919042162201,85,7,premium,credit_card,AU,1
CUS_00765,2023-02-08,2023-03-20,4293.112568638353,61,5,basic,debit_card,CA,0
CUS_00766,2023-06-03,2023-01-27,1213.179829415223,84,1,basic,credit_card,US,0
CUS_00767,2023-09-07,2023-06-23,4201.501513690407,3,5,enterprise,debit_card,UK,0
CUS_00768,2023-06-11,2023-02-19,1468.452833426611,51,6,enterprise,debit_card,DE,0
CUS_00769,2023-04-28,2023-07-18,3250.1213592876675,86,4,premium,paypal,US,0
CUS_00770,2023-09-16,2023-12-15,3501.337810198172,47,2,enterprise,paypal,AU,0
CUS_00771,2023-11-02,2023-06-30,2612.0082904107594,68,3,basic,paypal,AU,0
CUS_00772,2023-09-25,2023-01-24,1596.0223158139834,92,3,enterprise,credit_card,UK,0
CUS_00773,2023-02-23,2023-11-12,1141.957444218371,76,5,basic,credit_card,UK,0
CUS_00774,2023-08-24,2023-02-15,262.62783735588846,38,9,premium,debit_card,DE,1
CUS_00775,2023-08-10,2023-01-15,1589.3373660795467,36,0,premium,debit_card,DE,0
CUS_00776,2023-09-08,2023-06-02,3300.497673603287,41,3,basic,debit_card,UK,0
CUS_00777,2023-11-09,2023-08-10,4697.693610397565,69,9,enterprise,debit_card,UK,0
CUS_00778,2023-04-22,2023-07-25,4368.901963088955,13,3,premium,credit_card,AU,0
CUS_00779,2023-09-12,2023-09-30,3853.717405022983,87,9,premium,debit_card,UK,0
CUS_00780,2023-10-30,2023-08-24,3963.3919819411635,58,0,enterprise,debit_card,CA,0
CUS_00781,2023-07-26,2023-12-06,3358.4260270323766,50,8,enterprise,paypal,US,0
CUS_00782,2023-08-17,2023-08-16,1375.4056020734147,30,3,basic,debit_card,UK,0
CUS_00783,2023-12-07,2023-01-09,4545.255650458566,62,6,enterprise,debit_card,DE,0
CUS_00784,2023-03-07,2023-06-15,3386.588328338587,25,2,enterprise,debit_card,CA,0
CUS_00785,2023-03-16,2023-11-15,2846.1590918041557,27,9,enterprise,credit_card,DE,0
CUS_00786,2023-04-13,2023-08-02,643.8483991460572,51,2,basic,paypal,CA,0
CUS_00787,2023-07-11,2023-04-27,2290.5721646514844,78,7,basic,debit_card,UK,0
CUS_00788,2023-09-09,2023-12-10,2355.7555288894387,57,7,premium,debit_card,US,0
CUS_00789,2023-08-14,2023-03-13,4336.361686661083,47,0,basic,paypal,DE,0
CUS_00790,2023-10-21,2023-03-05,2778.5762789201635,39,9,premium,debit_card,CA,0
CUS_00791,2023-11-02,2023-07-24,1963.9626899550074,16,1,enterprise,credit_card,AU,0
CUS_00792,2023-04-08,2023-07-28,4886.3216097022305,22,7,premium,debit_card,UK,0
CUS_00793,2023-12-04,2023-03-13,642.5309072989468,85,0,premium,credit_card,US,0
CUS_00794,2023-10-13,2023-10-04,2170.4872987285285,54,7,enterprise,credit_card,UK,0
CUS_00795,2023-12-01,2023-10-01,305.92090833988595,21,7,premium,debit_card,AU,1
CUS_00796,2023-12-13,2023-11-16,3725.5301917579586,72,1,basic,paypal,US,0
CUS_00797,2023-11-04,2023-12-04,4598.575105775838,16,3,basic,credit_card,AU,0
CUS_00798,2023-09-06,2023-04-05,1472.1829147973983,59,5,basic,paypal,UK,0
CUS_00799,2023-06-15,2023-06-15,4305.874216315692,31,8,basic,debit_card,CA,0
CUS_00800,2023-12-01,2023-02-01,1531.869329263299,42,7,premium,credit_card,UK,0
CUS_00801,2023-01-30,2023-01-11,4562.7737920551845,74,7,premium,debit_card,UK,0
CUS_00802,2023-09-04,2023-10-28,3794.4133276242414,32,6,enterprise,paypal,UK,0
CUS_00803,2023-04-16,2023-08-05,4044.0432065230493,59,8,premium,debit_card,DE,0
CUS_00804,2023-02-20,2023-10-16,188.23212244222705,34,1,premium,debit_card,AU,1
CUS_00805,2023-03-22,2023-04-12,4817.770749662727,9,2,premium,credit_card,AU,0
CUS_00806,2023-05-13,2023-09-24,3660.687861144584,81,9,enterprise,debit_card,AU,0
CUS_00807,2023-10-12,2023-08-02,1593.2803673920532,11,7,basic,debit_card,DE,0
CUS_00808,2023-05-18,2023-06-28,4164.03385780835,96,5,premium,debit_card,CA,0
CUS_00809,2023-07-03,2023-03-29,1479.4538722331567,10,9,enterprise,credit_card,UK,0
CUS_00810,2023-11-26,2023-02-10,4376.493813874027,86,8,enterprise,paypal,CA,0
CUS_00811,2023-09-30,2023-03-17,651.6439130184914,17,9,enterprise,paypal,DE,1
CUS_00812,2023-12-06,2023-02-15,3548.0612895578993,68,3,basic,debit_card,AU,0
CUS_00813,2023-03-10,2023-06-09,2749.4225355600606,48,7,premium,credit_card,UK,0
CUS_00814,2023-02-03,2023-03-21,573.01890395766,52,9,enterprise,debit_card,US,1
CUS_00815,2023-09-19,2023-11-06,1285.279758468311,25,2,basic,paypal,US,0
CUS_00816,2023-02-22,2023-03-27,160.77977775884247,21,2,enterprise,credit_card,CA,1
CUS_00817,2023-07-24,2023-04-02,2396.9630307760785,65,7,enterprise,paypal,AU,0
CUS_00818,2023-05-06,2023-05-28,1576.199777724002,63,4,enterprise,paypal,US,0
CUS_00819,2023-08-23,2023-06-10,3031.951673059018,89,2,enterprise,credit_card,CA,0
CUS_00820,2023-02-12,2023-07-21,1556.4652577722243,51,9,enterprise,credit_card,DE,0
CUS_00821,2023-08-28,2023-08-30,1569.603646384225,36,0,basic,debit_card,CA,0
CUS_00822,2023-04-21,2023-12-19,3741.646673784857,81,2,premium,debit_card,CA,0
CUS_00823,2023-09-06,2023-01-02,335.8998962939319,88,8,premium,paypal,CA,1
CUS_00824,2023-05-31,2023-08-13,4524.185476440737,66,4,premium,credit_card,UK,0
CUS_00825,2023-07-02,2023-10-16,4276.092984516789,15,9,premium,credit_card,CA,0
CUS_00826,2023-12-02,2023-08-21,3372.242947809392,96,1,basic,debit_card,CA,0
CUS_00827,2023-04-05,2023-03-18,3006.785693526183,39,6,basic,paypal,UK,0
CUS_00828,2023-01-08,2023-04-26,4472.282240884296,70,1,basic,paypal,UK,0
CUS_00829,2023-12-26,2023-06-03,1008.1178796907008,1,3,enterprise,debit_card,DE,0
CUS_00830,2023-07-03,2023-04-13,486.9488947350602,23,6,enterprise,credit_card,AU,1
CUS_00831,2023-10-08,2023-07-13,1273.5998325567368,39,3,enterprise,debit_card,US,0
CUS_00832,2023-07-14,2023-06-15,3993.433565630932,57,6,premium,debit_card,US,0
CUS_00833,2023-12-18,2023-12-25,269.8843069597683,81,6,enterprise,debit_card,CA,1
CUS_00834,2023-07-14,2023-03-31,2955.753491909099,34,0,premium,debit_card,DE,0
CUS_00835,2023-06-04,2023-06-23,4977.6438293374185,41,5,enterprise,credit_card,CA,0
CUS_00836,2023-04-03,2023-05-02,4292.910859803943,93,8,premium,debit_card,US,0
CUS_00837,2023-06-09,2023-05-23,2655.0838763135885,73,1,enterprise,credit_card,UK,0
CUS_00838,2023-03-02,2023-04-16,411.8404555045475,13,2,enterprise,debit_card,AU,1
CUS_00839,2023-05-02,2023-11-01,4173.730220489979,70,9,basic,paypal,DE,0
CUS_00840,2023-02-20,2023-12-26,3034.9946900683317,6,4,enterprise,credit_card,UK,0
CUS_00841,2023-10-04,2023-11-13,663.1716855918775,84,8,enterprise,paypal,AU,1
CUS_00842,2023-01-05,2023-05-03,559.9006956344454,52,3,basic,debit_card,DE,0
CUS_00843,2023-04-02,2023-01-09,4557.171415239302,3,0,premium,debit_card,DE,0
CUS_00844,2023-06-19,2023-09-19,3379.0812883965846,81,3,basic,debit_card,US,0
CUS_00845,2023-11-13,2023-03-14,4163.505316652102,63,5,basic,credit_card,UK,0
CUS_00846,2023-01-22,2023-12-25,4406.99661138311,49,4,premium,paypal,DE,0
CUS_00847,2023-11-22,2023-08-11,2901.6845250367787,76,0,enterprise,credit_card,DE,0
CUS_00848,2023-01-01,2023-02-10,2635.487123599702,47,3,premium,credit_card,AU,0
CUS_00849,2023-05-13,2023-07-23,2209.094310572852,55,5,enterprise,debit_card,US,0
CUS_00850,2023-08-21,2023-09-21,1653.0382801764845,64,9,enterprise,paypal,CA,0
CUS_00851,2023-01-12,2023-11-24,2229.5202082076876,65,9,premium,debit_card,US,0
CUS_00852,2023-12-12,2023-06-27,3892.010313077766,81,3,basic,credit_card,CA,0
CUS_00853,2023-02-15,2023-12-14,3049.4248119741446,67,8,premium,debit_card,UK,0
CUS_00854,2023-02-03,2023-11-14,4473.364120778746,90,4,enterprise,paypal,UK,0
CUS_00855,2023-03-19,2023-03-25,2272.5620704580197,15,7,premium,debit_card,DE,0
CUS_00856,2023-08-06,2023-11-14,3074.738935721895,32,8,premium,paypal,UK,0
CUS_00857,2023-10-28,2023-04-21,3193.4070101507446,96,9,enterprise,paypal,DE,0
CUS_00858,2023-03-14,2023-09-08,2999.316095300995,68,4,basic,debit_card,US,0
CUS_00859,2023-10-09,2023-01-07,3542.90548811903,18,5,premium,credit_card,UK,0
CUS_00860,2023-09-06,2023-03-25,1263.4239950365507,83,0,enterprise,debit_card,US,0
CUS_00861,2023-02-16,2023-07-27,2610.5825099743743,43,6,enterprise,credit_card,US,0
CUS_00862,2023-05-01,2023-11-10,610.7015337609037,35,3,premium,credit_card,UK,0
CUS_00863,2023-08-02,2023-01-22,1984.1055054595815,78,1,basic,debit_card,US,0
CUS_00864,2023-08-27,2023-01-03,2489.5686362441957,58,4,premium,credit_card,UK,0
CUS_00865,2023-02-25,2023-05-07,3295.8988717728153,33,2,basic,credit_card,UK,0
CUS_00866,2023-12-16,2023-10-24,4757.602157672397,14,5,basic,debit_card,UK,0
CUS_00867,2023-04-17,2023-07-07,3043.1902260869438,34,7,basic,debit_card,CA,0
CUS_00868,2023-11-15,2023-12-28,3743.610189265143,61,6,basic,debit_card,US,0
CUS_00869,2023-02-17,2023-01-14,2580.7036915264935,4,2,premium,credit_card,AU,0
CUS_00870,2023-03-02,2023-01-12,3207.1097537440232,88,7,enterprise,paypal,UK,0
CUS_00871,2023-12-03,2023-03-28,447.5678590554898,59,1,enterprise,credit_card,US,1
CUS_00872,2023-01-26,2023-01-12,1346.5187461250503,29,9,enterprise,paypal,DE,0
CUS_00873,2023-10-19,2023-01-25,1873.0801567051797,83,8,enterprise,debit_card,UK,0
CUS_00874,2023-09-14,2023-10-28,2415.2174395319166,6,3,enterprise,paypal,UK,0
CUS_00875,2023-01-08,2023-08-31,323.6788529616803,97,0,enterprise,debit_card,AU,1
CUS_00876,2023-04-23,2023-05-02,786.1180780112567,49,7,premium,debit_card,CA,1
CUS_00877,2023-12-21,2023-05-27,1456.3901081773984,40,6,basic,paypal,CA,0
CUS_00878,2023-09-10,2023-02-24,4860.510185415148,83,4,enterprise,debit_card,UK,0
CUS_00879,2023-06-29,2023-08-26,1723.6003348049487,65,9,premium,paypal,US,0
CUS_00880,2023-07-26,2023-12-22,2462.001184749204,69,4,enterprise,debit_card,DE,0
CUS_00881,2023-10-30,2023-06-22,1060.8787924181254,27,6,enterprise,credit_card,DE,0
CUS_00882,2023-05-07,2023-08-09,3092.8223482712647,80,4,basic,credit_card,US,0
CUS_00883,2023-02-25,2023-04-29,1475.347756028274,6,7,basic,debit_card,UK,1
CUS_00884,2023-08-02,2023-11-05,1114.2636343482914,13,5,basic,debit_card,DE,0
CUS_00885,2023-01-14,2023-07-02,2631.2058793852975,64,4,enterprise,paypal,CA,0
CUS_00886,2023-01-28,2023-10-15,126.97841588606202,62,8,enterprise,credit_card,US,1
CUS_00887,2023-03-19,2023-11-03,137.5537599812041,99,1,enterprise,paypal,AU,1
CUS_00888,2023-08-04,2023-10-27,1173.4371645991032,19,0,basic,debit_card,UK,0
CUS_00889,2023-12-31,2023-03-23,279.9346762540236,76,7,premium,debit_card,US,1
CUS_00890,2023-06-03,2023-07-30,629.3261952403877,80,2,enterprise,paypal,DE,0
CUS_00891,2023-01-14,2023-05-30,1760.4171817598829,43,6,enterprise,debit_card,UK,0
CUS_00892,2023-07-06,2023-02-06,4032.669829941083,74,9,enterprise,credit_card,CA,0
CUS_00893,2023-11-08,2023-12-18,2903.038352509574,89,7,premium,paypal,UK,0
CUS_00894,2023-01-07,2023-11-08,2612.0718571864404,20,5,enterprise,credit_card,UK,0
CUS_00895,2023-01-03,2023-12-27,1538.095233719796,95,9,premium,credit_card,CA,0
CUS_00896,2023-04-21,2023-02-28,4665.5932252208,68,8,enterprise,credit_card,CA,0
CUS_00897,2023-08-26,2023-05-11,2045.373702062239,44,6,premium,paypal,UK,0
CUS_00898,2023-12-29,2023-07-21,526.7545572992803,23,9,enterprise,debit_card,CA,1
CUS_00899,2023-08-27,2023-08-31,3123.625928977226,2,4,basic,credit_card,US,0
CUS_00900,2023-10-01,2023-02-04,657.8081280353468,22,7,basic,credit_card,CA,1
CUS_00901,2023-10-21,2023-04-03,1791.5933997282912,57,1,basic,credit_card,CA,0
CUS_00902,2023-08-15,2023-07-26,2586.3184997172634,72,6,basic,debit_card,UK,0
CUS_00903,2023-01-15,2023-12-19,4383.690370957362,7,3,enterprise,debit_card,US,0
CUS_00904,2023-07-11,2023-11-28,2518.3782436665815,78,8,basic,paypal,AU,0
CUS_00905,2023-04-29,2023-11-01,3541.067953555155,56,0,premium,debit_card,AU,0
CUS_00906,2023-01-28,2023-12-16,4964.802511095445,67,6,basic,paypal,DE,0
CUS_00907,2023-07-21,2023-08-01,744.2966875001099,16,5,basic,paypal,CA,1
CUS_00908,2023-02-08,2023-06-08,1446.1844750456455,83,7,basic,paypal,CA,0
CUS_00909,2023-09-30,2023-01-24,2033.4227704284674,51,4,enterprise,paypal,US,0
CUS_00910,2023-08-19,2023-10-20,2166.9580748402736,82,0,basic,paypal,AU,0
CUS_00911,2023-03-27,2023-01-04,2114.0032688011743,80,0,premium,credit_card,DE,0
CUS_00912,2023-05-06,2023-08-08,4547.293912527119,72,8,basic,debit_card,US,0
CUS_00913,2023-10-27,2023-12-30,3598.7599578875966,97,9,basic,credit_card,CA,0
CUS_00914,2023-01-25,2023-01-20,3078.7355490444484,12,5,basic,paypal,AU,0
CUS_00915,2023-05-25,2023-06-01,1615.9263175276321,53,9,premium,debit_card,DE,0
CUS_00916,2023-01-13,2023-02-19,4136.572882684344,75,4,basic,credit_card,UK,0
CUS_00917,2023-07-31,2023-06-26,4779.796506276446,5,0,premium,credit_card,AU,0
CUS_00918,2023-01-25,2023-04-06,4123.87158449611,27,5,premium,paypal,DE,0
CUS_00919,2023-03-09,2023-04-15,107.66901543821723,12,5,basic,credit_card,US,1
CUS_00920,2023-03-08,2023-09-07,3218.3667138986943,17,2,premium,credit_card,UK,0
CUS_00921,2023-08-21,2023-04-27,350.56336906629355,6,7,enterprise,credit_card,DE,1
CUS_00922,2023-04-19,2023-12-20,1362.2753796352372,97,0,basic,credit_card,DE,0
CUS_00923,2023-05-26,2023-08-16,391.67103170408126,5,0,basic,credit_card,CA,1
CUS_00924,2023-04-21,2023-03-07,3058.597719452,57,5,premium,paypal,AU,0
CUS_00925,2023-08-16,2023-12-01,3464.290576113773,28,9,premium,paypal,CA,0
CUS_00926,2023-04-21,2023-09-19,660.9894265229351,78,0,basic,credit_card,UK,0
CUS_00927,2023-02-03,2023-10-22,1980.8105269203995,69,5,enterprise,paypal,DE,0
CUS_00928,2023-04-21,2023-08-31,2335.558893882156,59,0,premium,paypal,CA,0
CUS_00929,2023-09-21,2023-07-05,1908.3598066284912,33,5,premium,debit_card,AU,0
CUS_00930,2023-08-24,2023-09-03,693.0225023774459,62,2,enterprise,credit_card,UK,0
CUS_00931,2023-03-24,2023-05-05,2152.8441719186294,50,7,enterprise,paypal,US,0
CUS_00932,2023-02-11,2023-09-25,3780.7724342612487,19,5,basic,paypal,CA,0
CUS_00933,2023-04-11,2023-05-11,447.9375562129518,86,0,enterprise,credit_card,UK,1
CUS_00934,2023-01-06,2023-08-25,492.8820690013269,69,4,basic,debit_card,US,1
CUS_00935,2023-06-29,2023-01-18,1838.3793299963227,66,7,enterprise,credit_card,CA,0
CUS_00936,2023-10-09,2023-02-09,4714.455986932733,94,2,premium,debit_card,UK,0
CUS_00937,2023-11-16,2023-01-21,3376.0059689422787,47,5,basic,credit_card,UK,0
CUS_00938,2023-08-14,2023-08-13,3425.4827876955674,39,4,basic,credit_card,CA,0
CUS_00939,2023-11-11,2023-12-21,1873.4079551055383,68,5,basic,credit_card,UK,0
CUS_00940,2023-12-31,2023-10-09,3008.9378769218383,33,9,enterprise,credit_card,DE,0
CUS_00941,2023-08-17,2023-01-08,149.64280173594256,13,0,premium,debit_card,CA,1
CUS_00942,2023-10-16,2023-04-10,3216.8706274067567,84,6,basic,debit_card,UK,0
CUS_00943,2023-05-30,2023-08-28,4575.10604312356,54,8,basic,paypal,US,0
CUS_00944,2023-10-04,2023-03-28,3101.609994889614,7,1,basic,credit_card,US,0
CUS_00945,2023-07-17,2023-10-25,4381.12310798509,79,9,basic,debit_card,DE,0
CUS_00946,2023-03-11,2023-01-14,3647.46797178386,87,4,premium,debit_card,CA,0
CUS_00947,2023-04-22,2023-11-30,690.7362403780822,14,9,enterprise,debit_card,UK,1
CUS_00948,2023-01-04,2023-01-02,4522.021205700625,87,3,premium,credit_card,UK,0
CUS_00949,2023-12-16,2023-10-20,425.5748373432969,19,5,basic,paypal,US,1
CUS_00950,2023-11-27,2023-11-21,2716.4406154840426,54,5,premium,debit_card,DE,0
CUS_00951,2023-11-14,2023-02-10,796.4719065879426,93,1,basic,credit_card,US,0
CUS_00952,2023-12-16,2023-11-14,157.36239258142993,20,1,enterprise,debit_card,US,1
CUS_00953,2023-04-05,2023-11-12,2167.9678746254313,29,3,enterprise,debit_card,DE,0
CUS_00954,2023-06-01,2023-04-21,1545.6994675053656,24,0,enterprise,paypal,CA,0
CUS_00955,2023-11-07,2023-01-14,2481.4024196082546,82,8,basic,debit_card,UK,0
CUS_00956,2023-05-17,2023-08-19,2928.279444999299,63,6,premium,debit_card,CA,0
CUS_00957,2023-09-04,2023-03-25,314.3214543138421,74,6,enterprise,credit_card,AU,1
CUS_00958,2023-08-31,2023-05-10,702.7161461063537,57,2,basic,credit_card,AU,0
CUS_00959,2023-01-31,2023-08-19,2837.347742607084,8,2,basic,paypal,AU,0
CUS_00960,2023-02-09,2023-11-22,1781.5200305460253,90,0,premium,credit_card,DE,0
CUS_00961,2023-08-17,2023-05-25,3672.950088992295,62,2,enterprise,credit_card,US,0
CUS_00962,2023-02-05,2023-12-11,3296.2290781005045,29,2,basic,paypal,CA,0
CUS_00963,2023-08-11,2023-01-28,4243.461378650543,74,3,premium,debit_card,UK,0
CUS_00964,2023-01-06,2023-03-07,3493.214850679204,17,3,enterprise,paypal,AU,0
CUS_00965,2023-11-18,2023-06-12,2206.662279211726,66,2,premium,credit_card,CA,0
CUS_00966,2023-08-08,2023-08-17,3397.5364497327187,6,9,premium,paypal,AU,1
CUS_00967,2023-03-16,2023-09-18,1449.3677538515508,58,7,basic,debit_card,AU,0
CUS_00968,2023-01-04,2023-06-13,1600.936144013242,69,7,basic,paypal,UK,0
CUS_00969,2023-12-01,2023-10-28,3966.0272836118875,28,0,basic,credit_card,DE,0
CUS_00970,2023-05-14,2023-10-30,2287.4556303677527,62,6,premium,credit_card,US,0
CUS_00971,2023-04-28,2023-10-14,4012.063668539927,41,1,basic,paypal,DE,0
CUS_00972,2023-04-04,2023-01-10,4129.869630974565,69,0,premium,debit_card,CA,0
CUS_00973,2023-03-03,2023-07-14,4302.05545454029,82,2,premium,paypal,DE,0
CUS_00974,2023-07-13,2023-04-28,4591.512655621916,90,3,basic,debit_card,CA,0
CUS_00975,2023-12-01,2023-09-27,2211.8275805151516,84,5,enterprise,debit_card,CA,0
CUS_00976,2023-07-22,2023-03-21,1662.4474097735804,41,9,enterprise,paypal,US,0
CUS_00977,2023-01-26,2023-04-03,2952.7738583111577,49,4,enterprise,debit_card,UK,0
CUS_00978,2023-06-22,2023-09-23,1918.744874844375,91,3,premium,credit_card,US,0
CUS_00979,2023-10-27,2023-11-28,3045.2634173211413,49,7,premium,paypal,DE,0
CUS_00980,2023-05-13,2023-12-16,3557.370726954741,76,3,premium,debit_card,CA,0
CUS_00981,2023-11-22,2023-12-27,3473.184590611471,71,9,basic,credit_card,AU,0
CUS_00982,2023-04-28,2023-09-14,1935.3091463985945,3,1,premium,paypal,AU,0
CUS_00983,2023-11-20,2023-05-13,917.6149883238888,10,2,basic,credit_card,CA,0
CUS_00984,2023-10-02,2023-10-03,2209.593758464817,98,5,basic,credit_card,US,0
CUS_00985,2023-07-31,2023-09-21,798.7113060013528,89,7,enterprise,credit_card,UK,1
CUS_00986,2023-08-13,2023-06-20,4461.475472400661,35,7,enterprise,debit_card,US,0
CUS_00987,2023-01-20,2023-01-01,1794.7995576155013,80,8,enterprise,paypal,CA,0
CUS_00988,2023-04-23,2023-11-09,856.8527613942865,2,6,basic,paypal,CA,1
CUS_00989,2023-05-20,2023-03-05,224.6940235381793,24,1,basic,debit_card,UK,1
CUS_00990,2023-02-16,2023-10-11,3264.529692803773,74,7,basic,paypal,DE,0
CUS_00991,2023-01-01,2023-05-01,3220.821355528242,38,6,premium,credit_card,DE,0
CUS_00992,2023-03-31,2023-04-17,1768.9604162483292,22,7,basic,paypal,UK,0
CUS_00993,2023-05-22,2023-06-24,451.3882553534899,26,2,enterprise,debit_card,DE,1
CUS_00994,2023-11-16,2023-07-23,2107.181584986637,43,6,enterprise,credit_card,AU,0
CUS_00995,2023-02-07,2023-06-14,1624.9657258106286,55,9,basic,debit_card,DE,0
CUS_00996,2023-10-20,2023-11-01,3417.891134701546,39,8,basic,credit_card,DE,0
CUS_00997,2023-05-19,2023-04-30,3068.3183223181827,91,2,enterprise,credit_card,DE,0
CUS_00998,2023-12-22,2023-02-13,1886.509268167946,29,9,basic,paypal,AU,0
CUS_00999,2023-11-29,2023-11-08,1167.6735158494514,20,5,enterprise,credit_card,DE,0
